Gasage (yr BP) ,CO2 (ppmv),year,CO2 (ppmv) Luthi
-51.03,368.02,2001.03,
-48.0,361.78,1998.0,
-46.28,359.65,1996.28,
-44.41,357.11,1994.41,
-43.08,353.95,1993.08,
-42.31,353.72,1992.31,
-41.13,352.42,1991.13,
-39.97,350.81,1989.97,
-39.41,349.8,1989.41,
-38.97,349.28,1988.97,
-38.07,347.6,1988.07,
-37.21,345.44,1987.21,
-36.62,344.72,1986.62,
-36.14,343.97,1986.14,
-35.76,343.11,1985.76,
-34.92,342.05,1984.92,
-33.08,341.33,1983.08,
-33.03,339.46,1983.03,
-29.14,334.85,1979.14,
-26.8,335.55,1976.8,
-26.67,332.37,1976.67,
-25.57,332.37,1975.57,
-24.13,331.55,1974.13,
-22.09,328.42,1972.09,
-22.04,330.35,1972.04,
-20.87,326.31,1970.87,
-20.66,326.65,1970.66,
-20.64,324.91,1970.64,
-20.22,324.56,1970.22,
-19.42,324.71,1969.42,
-18.98,325.08,1968.98,
-18.81,324.09,1968.81,
-18.54,320.38,1968.54,
-16.79,320.49,1966.79,
-16.55,322.17,1966.55,
-15.87,320.98,1965.87,
-15.3,319.2,1965.3,
-15.23,319.89,1965.23,
-13.56,319.12,1963.56,
-13.2,319.07,1963.2,
-12.62,318.61,1962.62,
-12.54,317.45,1962.54,
-12.4,319.14,1962.4,
-12.32,317.52,1962.32,
-11.72,316.59,1961.72,
-10.57,318.21,1960.57,
-10.31,313.09,1960.31,
-9.09,311.98,1959.09,
-8.56,316.33,1958.56,
-8.1,316.1,1958.1,
-7.87,314.57,1957.87,
-7.26,315.27,1957.26,
-7.2,316.33,1957.2,
-7.1,314.44,1957.1,
-6.16,315.34,1956.16,
-4.8,314.71,1954.8,
-3.79,313.17,1953.79,
-3.71,312.8,1953.71,
-3.56,312.22,1953.56,
-2.38,312.18,1952.38,
-0.25,312.0,1950.25,
0.33,313.66,1949.67,
1.23,309.69,1948.77,
2.29,311.57,1947.71,
3.34,310.36,1946.66,
3.37,312.87,1946.63,
4.38,312.56,1945.62,
4.44,311.97,1945.56,
4.61,311.81,1945.39,
5.04,310.44,1944.96,
5.24,311.28,1944.76,
5.49,310.22,1944.51,
6.43,312.36,1943.57,
7.79,311.88,1942.21,
7.96,312.84,1942.04,
8.22,312.39,1941.78,
9.16,311.8,1940.84,
9.25,307.74,1940.75,
10.03,309.8,1939.97,
10.41,310.95,1939.59,
10.78,311.21,1939.22,
11.03,310.46,1938.97,
11.84,308.48,1938.16,
11.87,311.94,1938.13,
12.13,311.52,1937.87,
12.23,312.33,1937.77,
13.14,307.41,1936.86,
14.13,309.34,1935.87,
14.29,307.26,1935.71,
14.94,306.32,1935.06,
16.12,309.63,1933.88,
16.41,307.08,1933.59,
17.22,305.94,1932.78,
17.46,308.28,1932.54,
17.71,308.26,1932.29,
19.17,305.74,1930.83,
20.61,305.38,1929.39,
21.26,305.78,1928.74,
21.46,305.71,1928.54,
21.84,305.67,1928.16,
22.2,308.02,1927.8,
24.69,304.97,1925.31,
25.25,304.72,1924.75,
27.16,306.2,1922.84,
27.49,303.18,1922.51,
30.29,301.88,1919.71,
31.33,304.61,1918.67,
32.13,303.85,1917.87,
34.21,301.92,1915.79,
35.61,300.7,1914.39,
37.48,301.3,1912.52,
38.71,299.26,1911.29,
38.9,297.73,1911.1,
39.28,298.11,1910.72,
40.24,297.87,1909.76,
41.48,301.5,1908.52,
44.23,299.63,1905.77,
44.46,297.33,1905.54,
44.65,299.02,1905.35,
46.09,295.99,1903.91,
48.3,295.61,1901.7,
49.82,294.22,1900.18,
51.06,297.05,1898.94,
51.34,295.28,1898.66,
56.24,293.81,1893.76,
56.34,293.17,1893.66,
56.94,295.32,1893.06,
57.12,294.86,1892.88,
57.61,295.17,1892.39,
60.13,290.92,1889.87,
60.99,292.34,1889.01,
62.61,294.34,1887.39,
64.4,288.12,1885.6,
65.82,289.23,1884.18,
66.21,289.76,1883.79,
67.08,292.46,1882.92,
70.05,287.77,1879.95,
73.09,289.33,1876.91,
76.26,291.56,1873.74,
77.17,286.66,1872.83,
79.96,286.33,1870.04,
80.34,287.99,1869.66,
81.59,289.54,1868.41,
82.27,287.99,1867.73,
83.26,285.05,1866.74,
85.87,286.65,1864.13,
87.02,285.35,1862.98,
88.17,287.17,1861.83,
91.16,286.63,1858.84,
93.38,283.16,1856.62,
95.28,285.57,1854.72,
96.29,288.05,1853.71,
98.89,285.47,1851.11,
99.17,288.79,1850.83,
99.74,284.0,1850.26,
102.68,286.84,1847.32,
104.1,283.62,1845.9,
105.35,283.18,1844.65,
105.54,283.53,1844.46,
106.71,281.58,1843.29,
109.17,283.65,1840.83,
113.3,284.15,1836.7,
116.82,283.82,1833.18,
117.13,285.09,1832.87,
123.08,285.91,1826.92,
125.26,281.36,1824.74,
136.34,284.43,1813.66,
150.66,282.8,1799.34,
153.53,280.4,1796.47,
154.06,282.3,1795.94,
155.9,281.62,1794.1,
169.7,273.07,1780.3,
170.51,280.24,1779.49,
176.54,277.86,1773.46,
186.3,276.4,1763.7,
187.12,277.16,1762.88,
197.87,278.0,1752.13,
198.07,276.46,1751.93,
200.88,277.6,1749.12,
208.74,276.81,1741.26,
216.13,278.31,1733.87,
226.99,277.01,1723.01,
227.14,278.27,1722.8600000000001,
255.93,277.36,1694.07,
260.26,276.32,1689.74,
268.11,276.66,1681.8899999999999,
300.9,278.02,1649.1,
310.19,276.69,1639.81,
321.4,273.78,1628.6,
340.54,271.11,1609.46,
346.58,275.07,1603.42,
359.01,279.36,1590.99,
361.82,281.11,1588.18,
376.99,282.57,1573.01,
390.14,281.83,1559.8600000000001,
400.35,283.53,1549.65,
420.32,283.95,1529.68,
448.47,283.12,1501.53,
480.6,280.31,1469.4,
500.84,282.23,1449.16,
521.2,279.73,1428.8,
539.14,279.7,1410.8600000000001,
559.67,280.91,1390.33,
601.15,278.36,1348.85,
619.88,284.07,1330.12,
642.55,281.58,1307.45,
671.8,278.43,1278.2,
690.49,282.2,1259.51,
698.73,282.41,1251.27,
739.05,283.69,1210.95,
750.19,284.54,1199.81,
784.02,283.97,1165.98,
803.71,284.51,1146.29,
834.39,282.84,1115.6100000000001,
850.59,283.09,1099.4099999999999,
879.8,282.84,1070.2,
900.82,280.97,1049.1799999999998,
909.92,280.92,1040.08,
930.73,280.06,1019.27,
932.42,279.8,1017.58,
967.35,278.74,982.65,
992.35,277.41,957.65,
1035.87,280.11,914.1300000000001,
1074.59,279.42,875.4100000000001,
1127.67,278.62,822.3299999999999,
1156.9,279.72,793.0999999999999,
1187.7,279.29,762.3,
1219.57,279.99,730.4300000000001,
1248.75,277.1,701.25,
1280.82,278.45,669.1800000000001,
1313.0,279.59,637.0,
1335.48,277.87,614.52,
1367.59,276.2,582.4100000000001,
1392.53,278.46,557.47,
1398.38,276.56,551.6199999999999,
1432.04,276.79,517.96,
1461.87,277.11,488.1300000000001,
1513.06,280.0,436.94000000000005,
1543.64,279.13,406.3599999999999,
1565.77,277.25,384.23,
1592.67,277.8,357.3299999999999,
1632.45,281.69,317.54999999999995,
1654.4,280.91,295.5999999999999,
1675.56,280.24,274.44000000000005,
1683.9,278.31,266.0999999999999,
1709.4,280.25,240.5999999999999,
1775.47,277.56,174.52999999999997,
1796.47,278.07,153.52999999999997,
1814.0,278.1,136.0,
1846.0,277.5,104.0,
1894.0,277.4,56.0,
1920.0,277.9,30.0,
1949.0,276.7,1.0,
1999.71,278.0,-49.710000000000036,
2093.36,276.9,-143.36000000000013,
2234.24,276.7,-284.2399999999998,
2265.55,276.7,-315.5500000000002,
2414.32,277.6,-464.32000000000016,
2526.12,277.9,-576.1199999999999,
2628.02,273.9,-678.02,
2708.48,278.9,-758.48,
2801.76,275.3,-851.7600000000002,
2904.55,274.7,-954.5500000000002,
2948.82,276.3,-998.8200000000002,
3056.6,274.6,-1106.6,
3255.73,276.3,-1305.73,
3283.66,273.1,-1333.6599999999999,
3431.12,274.0,-1481.12,
3528.29,275.0,-1578.29,
3644.46,273.4,-1694.46,
3693.41,273.0,-1743.4099999999999,
3806.86,271.5,-1856.8600000000001,
3856.17,275.4,-1906.17,
3968.95,274.9,-2018.9499999999998,
4108.67,271.7,-2158.67,
4205.84,271.6,-2255.84,
4275.08,272.8,-2325.08,
4342.82,271.5,-2392.8199999999997,
4494.36,271.1,-2544.3599999999997,
4592.82,269.1,-2642.8199999999997,
4647.46,269.8,-2697.46,
4773.0,271.5,-2823.0,
4921.2,270.7,-2971.2,
4981.58,269.3,-3031.58,
5086.79,268.6,-3136.79,
5218.57,269.8,-3268.5699999999997,
5311.18,267.6,-3361.1800000000003,
5357.55,265.3,-3407.55,
5533.29,265.2,-3583.29,
5581.3,267.6,-3631.3,
5757.61,265.9,-3807.6099999999997,
5852.26,265.5,-3902.26,
5934.09,260.7,-3984.09,
5999.38,266.7,-4049.38,
6089.81,265.5,-4139.81,
6301.96,263.2,-4351.96,
6337.21,262.7,-4387.21,
6401.24,261.2,-4451.24,
6572.29,261.1,-4622.29,
6682.55,259.4,-4732.55,
6769.65,262.1,-4819.65,
6880.31,262.9,-4930.31,
6970.08,258.1,-5020.08,
7038.27,257.6,-5088.27,
7188.07,262.3,-5238.07,
7274.01,263.0,-5324.01,
7405.32,260.7,-5455.32,
7497.87,258.4,-5547.87,
7661.37,260.1,-5711.37,
7719.59,260.4,-5769.59,
7860.18,259.7,-5910.18,
7926.37,259.2,-5976.37,
7975.85,260.8,-6025.85,
8116.28,259.6,-6166.28,
8194.8,259.3,-6244.799999999999,
8351.88,258.3,-6401.879999999999,
8459.68,261.3,-6509.68,
8546.58,260.7,-6596.58,
8710.68,261.8,-6760.68,
8781.28,259.0,-6831.280000000001,
8911.85,260.9,-6961.85,
8992.99,260.4,-7042.99,
9060.17,259.3,-7110.17,
9143.01,262.0,-7193.01,
9295.31,263.7,-7345.3099999999995,
9361.12,263.8,-7411.120000000001,
9436.7,265.2,-7486.700000000001,
9518.06,260.6,-7568.0599999999995,
9524.44,260.9,-7574.4400000000005,
9555.86,263.0,-7605.860000000001,
9573.27,263.8,-7623.27,
9901.04,264.4,-7951.040000000001,
9992.61,264.2,-8042.610000000001,
10134.5,264.0,-8184.5,
10192.95,263.4,-8242.95,
10299.55,265.7,-8349.55,
10366.56,264.9,-8416.56,
10505.55,267.5,-8555.55,
10680.48,266.9,-8730.48,
10801.81,266.0,-8851.81,
10835.74,265.1,-8885.74,
10954.48,267.6,-9004.48,
11089.62,264.8,-9139.62,
11161.06,264.8,-9211.06,
11185.87,265.0,-9235.87,
11200.58,265.3,-9250.58,
11256.57,264.4,-9306.57,
11316.98,264.1,-9366.98,
11339.37,264.81,-9389.37,
11383.16,264.84,-9433.16,
11399.86,268.16,-9449.86,
11417.45,264.48,-9467.45,
11435.93,270.14,-9485.93,
11453.06,268.87,-9503.06,
11472.8,269.1,-9522.8,
11490.45,267.17,-9540.45,
11507.23,267.66,-9557.23,
11523.93,269.51,-9573.93,
11543.6,266.9,-9593.6,
11559.61,262.74,-9609.61,
11576.41,267.09,-9626.41,
11592.24,260.7,-9642.24,
11611.31,261.3,-9661.31,
11628.97,266.22,-9678.97,
11647.92,257.13,-9697.92,
11664.54,247.55,-9714.54,
11682.82,254.62,-9732.82,
11701.44,253.99,-9751.44,
11719.72,256.04,-9769.72,
11740.65,255.89,-9790.65,
11759.21,258.74,-9809.21,
11780.72,258.25,-9830.72,
11802.79,258.53,-9852.79,
11820.5,257.17,-9870.5,
11843.33,254.31,-9893.33,
11863.12,253.63,-9913.12,
11883.17,251.56,-9933.17,
11904.91,255.9,-9954.91,
11926.96,258.57,-9976.96,
11948.09,248.92,-9998.09,
11969.55,253.99,-10019.55,
11990.69,255.39,-10040.69,
12015.9,247.85,-10065.9,
12037.32,248.41,-10087.32,
12058.8,253.1,-10108.8,
12079.85,251.03,-10129.85,
12105.25,255.66,-10155.25,
12124.58,253.02,-10174.58,
12146.5,251.14,-10196.5,
12168.48,251.42,-10218.48,
12190.41,250.97,-10240.41,
12211.34,249.65,-10261.34,
12232.92,249.23,-10282.92,
12256.48,248.95,-10306.48,
12280.77,249.38,-10330.77,
12301.04,248.92,-10351.04,
12321.28,250.73,-10371.28,
12343.12,246.97,-10393.12,
12365.28,244.31,-10415.28,
12388.31,243.0,-10438.31,
12409.38,246.4,-10459.38,
12431.93,247.67,-10481.93,
12454.82,245.83,-10504.82,
12475.39,246.18,-10525.39,
12495.84,244.42,-10545.84,
12521.35,246.74,-10571.35,
12543.72,249.92,-10593.72,
12564.62,244.27,-10614.62,
12586.6,247.02,-10636.6,
12607.64,248.09,-10657.64,
12629.85,246.94,-10679.85,
12653.64,243.95,-10703.64,
12673.9,242.53,-10723.9,
12697.14,244.24,-10747.14,
12719.8,241.59,-10769.8,
12739.91,247.3,-10789.91,
12762.58,240.02,-10812.58,
12785.63,241.5,-10835.63,
12809.27,242.23,-10859.27,
12830.15,242.15,-10880.15,
12852.71,239.35,-10902.71,
12873.98,241.24,-10923.98,
12893.38,239.44,-10943.38,
12917.11,238.79,-10967.11,
12939.23,238.18,-10989.23,
12959.75,240.71,-11009.75,
12980.88,237.15,-11030.88,
13001.06,239.42,-11051.06,
13021.92,234.68,-11071.92,
13043.69,238.86,-11093.69,
13066.59,237.91,-11116.59,
13088.22,241.56,-11138.22,
13128.45,234.82,-11178.45,
13172.67,236.91,-11222.67,
13216.2,239.41,-11266.2,
13266.97,240.42,-11316.97,
13304.15,236.86,-11354.15,
13418.1,237.83,-11468.1,
13486.74,240.25,-11536.74,
13531.75,235.83,-11581.75,
13600.81,243.86,-11650.81,
13645.35,238.55,-11695.35,
13712.83,241.59,-11762.83,
13758.73,241.11,-11808.73,
13827.2,239.08,-11877.2,
13871.57,237.95,-11921.57,
13940.23,240.57,-11990.23,
14001.79,235.92,-12051.79,
14022.86,237.87,-12072.86,
14060.09,241.27,-12110.09,
14084.47,232.88,-12134.47,
14120.06,236.4,-12170.06,
14156.6,239.24,-12206.6,
14179.55,239.36,-12229.55,
14205.56,238.36,-12255.56,
14237.45,236.6,-12287.45,
14273.02,240.21,-12323.02,
14298.72,239.04,-12348.72,
14308.61,235.8,-12358.61,
14343.16,242.08,-12393.16,
14354.48,238.39,-12404.48,
14374.99,240.33,-12424.99,
14410.6,242.55,-12460.6,
14422.23,242.6,-12472.23,
14443.28,240.95,-12493.28,
14463.58,238.61,-12513.58,
14497.21,242.06,-12547.21,
14520.85,241.14,-12570.85,
14531.3,243.17,-12581.3,
14541.66,235.83,-12591.66,
14552.93,241.73,-12602.93,
14563.52,239.86,-12613.52,
14575.93,239.77,-12625.93,
14586.19,237.97,-12636.19,
14595.47,235.31,-12645.47,
14606.21,237.59,-12656.21,
14619.39,237.97,-12669.39,
14629.99,240.1,-12679.99,
14645.2,238.12,-12695.2,
14652.26,234.62,-12702.26,
14664.09,233.42,-12714.09,
14675.12,234.34,-12725.12,
14686.37,237.49,-12736.37,
14696.69,228.91,-12746.69,
14706.96,228.18,-12756.96,
14718.12,230.53,-12768.12,
14730.88,234.54,-12780.88,
14743.19,231.48,-12793.19,
14758.52,227.9,-12808.52,
14763.41,224.64,-12813.41,
14776.28,227.39,-12826.28,
14787.83,227.79,-12837.83,
14799.14,228.5,-12849.14,
14810.61,227.58,-12860.61,
14822.39,226.51,-12872.39,
14834.75,228.4,-12884.75,
14844.77,227.87,-12894.77,
14857.53,233.17,-12907.53,
14869.18,232.22,-12919.18,
14880.66,227.85,-12930.66,
14892.46,230.63,-12942.46,
14904.21,228.72,-12954.21,
14915.91,228.36,-12965.91,
14929.02,228.47,-12979.02,
14953.66,228.89,-13003.66,
14976.48,229.79,-13026.48,
14987.26,227.65,-13037.26,
15011.48,228.37,-13061.48,
15034.78,225.38,-13084.78,
15072.53,228.99,-13122.53,
15095.81,234.47,-13145.81,
15133.53,229.67,-13183.53,
15156.52,228.81,-13206.52,
15181.11,227.84,-13231.11,
15218.88,230.18,-13268.88,
15243.44,228.27,-13293.44,
15280.74,225.77,-13330.74,
15320.94,227.64,-13370.94,
15345.24,228.92,-13395.24,
15382.85,225.39,-13432.85,
15410.08,224.74,-13460.08,
15462.93,223.27,-13512.93,
15546.4,223.53,-13596.4,
15649.43,222.76,-13699.43,
15704.79,222.16,-13754.79,
15767.68,224.86,-13817.68,
15844.95,222.36,-13894.95,
15920.25,223.51,-13970.25,
15936.52,223.77,-13986.52,
15995.49,223.72,-14045.49,
15998.98,224.41,-14048.98,
16014.67,222.39,-14064.67,
16033.78,224.48,-14083.78,
16083.0,224.24,-14133.0,
16114.14,222.41,-14164.14,
16151.21,224.86,-14201.21,
16166.71,226.19,-14216.71,
16187.46,221.49,-14237.46,
16208.71,227.32,-14258.71,
16222.96,223.24,-14272.96,
16240.56,220.49,-14290.56,
16260.73,218.56,-14310.73,
16278.74,214.22,-14328.74,
16296.96,212.84,-14346.96,
16317.43,214.6,-14367.43,
16337.25,212.43,-14387.25,
16354.23,214.83,-14404.23,
16374.89,211.21,-14424.89,
16391.89,209.51,-14441.89,
16410.71,212.95,-14460.71,
16431.32,211.79,-14481.32,
16458.38,217.19,-14508.380000000001,
16472.03,213.94,-14522.029999999999,
16509.93,207.95,-14559.93,
16553.51,208.65,-14603.509999999998,
16590.01,208.46,-14640.009999999998,
16655.88,213.15,-14705.880000000001,
16733.53,210.25,-14783.529999999999,
16797.55,205.53,-14847.55,
16869.32,205.19,-14919.32,
16928.83,202.93,-14978.830000000002,
16994.77,204.32,-15044.77,
17091.85,202.1,-15141.849999999999,
17163.7,198.63,-15213.7,
17236.25,198.29,-15286.25,
17287.9,195.88,-15337.900000000001,
17311.87,194.65,-15361.869999999999,
17360.5,190.5,-15410.5,
17385.3,193.02,-15435.3,
17410.03,191.89,-15460.029999999999,
17434.97,190.76,-15484.970000000001,
17460.99,193.0,-15510.990000000002,
17485.29,191.48,-15535.29,
17510.87,191.59,-15560.869999999999,
17534.59,192.37,-15584.59,
17561.46,192.62,-15611.46,
17586.25,196.96,-15636.25,
17612.0,195.79,-15662.0,
17637.88,193.21,-15687.880000000001,
17665.06,194.38,-15715.060000000001,
17691.21,191.52,-15741.21,
17717.05,189.52,-15767.05,
17743.75,190.41,-15793.75,
17769.71,191.7,-15819.71,
17797.57,187.25,-15847.57,
17825.43,191.21,-15875.43,
17854.6,189.52,-15904.599999999999,
17881.0,190.26,-15931.0,
17907.16,191.72,-15957.16,
17935.99,188.54,-15985.990000000002,
17965.83,188.66,-16015.830000000002,
17992.04,188.96,-16042.04,
18024.45,187.79,-16074.45,
18050.09,187.73,-16100.09,
18081.6,188.64,-16131.599999999999,
18110.63,188.59,-16160.630000000001,
18139.76,184.88,-16189.759999999998,
18173.16,189.01,-16223.16,
18201.79,185.65,-16251.79,
18232.18,188.88,-16282.18,
18264.68,188.52,-16314.68,
18295.81,189.03,-16345.810000000001,
18324.39,187.12,-16374.39,
18360.35,188.73,-16410.35,
18391.16,188.21,-16441.16,
18422.43,188.47,-16472.43,
18457.83,187.45,-16507.83,
18486.59,187.09,-16536.59,
18519.99,187.67,-16569.99,
18582.94,188.57,-16632.94,
18677.4,193.9,-16727.4,
18747.05,191.27,-16797.05,
18803.64,192.97,-16853.64,
18835.15,188.44,-16885.15,
18866.91,188.5,-16916.91,
18993.82,192.71,-17043.82,
19152.79,191.09,-17202.79,
19282.16,191.58,-17332.16,
19442.73,191.52,-17492.73,
19568.15,188.95,-17618.15,
19629.49,191.42,-17679.49,
19791.19,193.6,-17841.19,
19883.88,196.06,-17933.88,
20018.7,193.72,-18068.7,
20213.31,190.47,-18263.31,
20407.6,189.99,-18457.6,
20536.8,193.93,-18586.8,
20666.49,187.76,-18716.49,
20828.39,192.66,-18878.39,
20964.43,190.87,-19014.43,
21067.69,188.4,-19117.69,
21212.7,190.05,-19262.7,
21345.18,187.24,-19395.18,
21562.85,185.23,-19612.85,
21790.59,187.96,-19840.59,
21913.63,190.78,-19963.63,
22055.59,187.38,-20105.59,
22230.89,191.27,-20280.89,
22292.2,187.22,-20342.2,
22347.6,187.02,-20397.6,
22550.1,184.68,-20600.1,
22604.1,185.21,-20654.1,
22650.8,188.49,-20700.8,
22749.3,190.01,-20799.3,
22833.6,186.13,-20883.6,
22994.0,189.4,-21044.0,
23013.8,190.53,-21063.8,
23107.3,190.08,-21157.3,
23185.0,188.6,-21235.0,
23276.7,197.67,-21326.7,
23358.4,193.53,-21408.4,
23445.2,186.78,-21495.2,
23600.5,187.99,-21650.5,
23873.8,183.13,-21923.8,
24077.7,184.68,-22127.7,
24269.8,186.73,-22319.8,
24643.6,180.57,-22693.6,
25163.6,180.69,-23213.6,
25351.1,182.66,-23401.1,
25543.6,183.38,-23593.6,
25786.0,186.54,-23836.0,
26016.0,184.52,-24066.0,
26254.5,184.57,-24304.5,
26315.0,183.77,-24365.0,
26460.7,186.01,-24510.7,
26537.1,185.51,-24587.1,
26703.7,185.44,-24753.7,
26857.8,186.43,-24907.8,
26954.9,188.08,-25004.9,
27042.0,187.39,-25092.0,
27084.8,186.27,-25134.8,
27170.2,194.93,-25220.2,
27280.1,190.06,-25330.1,
27441.9,191.95,-25491.9,
27502.8,191.23,-25552.8,
27549.7,191.53,-25599.7,
27586.4,191.95,-25636.4,
27661.3,191.46,-25711.3,
27687.0,192.71,-25737.0,
27714.1,190.61,-25764.1,
27718.6,189.3,-25768.6,
27820.7,187.59,-25870.7,
27866.4,190.58,-25916.4,
27885.0,189.28,-25935.0,
27927.1,188.99,-25977.1,
27973.2,189.29,-26023.2,
28097.3,189.96,-26147.3,
28214.1,191.82,-26264.1,
28271.6,191.59,-26321.6,
28369.7,192.63,-26419.7,
28413.9,189.16,-26463.9,
28426.9,189.65,-26476.9,
28577.4,193.1,-26627.4,
28626.4,192.82,-26676.4,
28724.3,193.8,-26774.3,
28841.9,193.89,-26891.9,
28902.7,192.69,-26952.7,
28948.6,193.26,-26998.6,
29008.9,192.87,-27058.9,
29150.7,192.26,-27200.7,
29205.3,188.1,-27255.3,
29249.6,192.39,-27299.6,
29323.9,191.01,-27373.9,
29366.1,189.83,-27416.1,
29410.2,189.21,-27460.2,
29609.2,189.24,-27659.2,
29681.2,189.77,-27731.2,
29742.8,191.28,-27792.8,
29837.8,190.97,-27887.8,
29952.1,191.38,-28002.1,
29999.0,191.57,-28049.0,
30101.5,188.25,-28151.5,
30181.7,188.48,-28231.7,
30277.9,186.52,-28327.9,
30312.7,185.99,-28362.7,
30400.5,184.3,-28450.5,
30528.8,182.94,-28578.8,
30713.0,187.14,-28763.0,
30775.7,190.33,-28825.7,
31105.2,188.0,-29155.2,
31356.4,188.48,-29406.4,
31524.1,189.95,-29574.1,
31792.1,193.71,-29842.1,
31818.4,192.93,-29868.4,
31933.9,192.51,-29983.9,
32026.9,193.33,-30076.9,
32079.6,193.91,-30129.6,
32147.5,196.42,-30197.5,
32150.6,196.91,-30200.6,
32307.9,192.47,-30357.9,
32361.2,195.25,-30411.2,
32434.8,194.11,-30484.8,
32511.1,194.61,-30561.1,
32594.6,194.43,-30644.6,
32677.8,195.08,-30727.8,
32714.1,195.94,-30764.1,
32813.1,199.3,-30863.1,
32880.9,196.7,-30930.9,
33009.0,196.33,-31059.0,
33148.3,197.65,-31198.300000000003,
33417.5,196.9,-31467.5,
33491.4,197.13,-31541.4,
33555.3,197.8,-31605.300000000003,
33758.1,200.03,-31808.1,
33841.0,195.63,-31891.0,
33885.7,195.27,-31935.699999999997,
33907.5,194.46,-31957.5,
33925.9,194.47,-31975.9,
33957.0,196.47,-32007.0,
33991.5,195.41,-32041.5,
34064.2,195.93,-32114.199999999997,
34190.3,194.89,-32240.300000000003,
34250.8,195.79,-32300.800000000003,
34312.8,196.27,-32362.800000000003,
34334.4,196.2,-32384.4,
34556.9,199.65,-32606.9,
34602.6,199.49,-32652.6,
34620.0,200.29,-32670.0,
34647.8,198.89,-32697.800000000003,
34710.6,197.16,-32760.6,
34825.6,202.8,-32875.6,
34866.8,203.09,-32916.8,
35089.6,198.78,-33139.6,
35165.8,203.6,-33215.8,
35281.7,205.38,-33331.7,
35337.0,204.47,-33387.0,
35359.4,203.62,-33409.4,
35383.0,201.36,-33433.0,
35445.8,200.3,-33495.8,
35497.1,201.06,-33547.1,
35508.5,202.04,-33558.5,
35530.7,201.89,-33580.7,
35568.0,201.83,-33618.0,
35672.5,201.81,-33722.5,
35701.6,200.5,-33751.6,
35854.6,203.29,-33904.6,
35948.3,198.8,-33998.3,
36086.5,204.12,-34136.5,
36173.1,201.78,-34223.1,
36261.8,200.09,-34311.8,
36506.3,198.96,-34556.3,
36591.8,205.1,-34641.8,
36669.6,203.77,-34719.6,
36712.8,203.75,-34762.8,
36820.2,202.76,-34870.2,
36939.8,203.51,-34989.8,
37023.4,206.36,-35073.4,
37118.6,210.16,-35168.6,
37143.2,207.35,-35193.2,
37296.5,208.25,-35346.5,
37302.0,209.66,-35352.0,
37338.1,206.59,-35388.1,
37431.0,212.51,-35481.0,
37461.3,209.84,-35511.3,
37618.6,214.3,-35668.6,
37647.5,212.14,-35697.5,
37777.2,212.09,-35827.2,
37895.0,214.21,-35945.0,
38000.3,211.21,-36050.3,
38088.5,214.36,-36138.5,
38165.6,208.34,-36215.6,
38192.4,206.52,-36242.4,
38284.2,207.41,-36334.2,
38359.2,208.0,-36409.2,
38412.8,210.79,-36462.8,
38472.9,207.23,-36522.9,
38533.2,210.08,-36583.2,
38573.6,208.23,-36623.6,
38621.8,204.79,-36671.8,
38670.8,204.46,-36720.8,
38723.4,206.54,-36773.4,
38812.6,206.09,-36862.6,
38874.7,205.65,-36924.7,
38955.6,205.99,-37005.6,
38976.8,202.34,-37026.8,
39053.6,204.28,-37103.6,
39120.5,207.32,-37170.5,
39265.7,208.69,-37315.7,
39303.2,209.5,-37353.2,
39319.9,209.33,-37369.9,
39339.8,207.87,-37389.8,
39379.4,204.78,-37429.4,
39402.9,191.53,-37452.9,
39454.4,198.14,-37504.4,
39515.4,200.4,-37565.4,
39621.0,195.7,-37671.0,
39709.2,196.67,-37759.2,
39757.1,193.58,-37807.1,
39885.0,193.87,-37935.0,
39900.5,197.55,-37950.5,
40042.7,192.6,-38092.7,
40112.1,193.08,-38162.1,
40145.3,193.69,-38195.3,
40308.4,197.9,-38358.4,
40485.95,201.32,-38535.95,
40553.44,201.48,-38603.44,
40754.3,200.47,-38804.3,
40907.39,200.97,-38957.39,
41167.9,201.53,-39217.9,
41303.59,204.19,-39353.59,
41605.97,205.49,-39655.97,
41759.21,201.12,-39809.21,
41900.69,199.89,-39950.69,
42315.82,200.9,-40365.82,
42628.3,204.83,-40678.3,
42849.87,206.35,-40899.87,
42968.08,204.26,-41018.08,
43171.89,203.16,-41221.89,
43350.66,201.66,-41400.66,
43515.82,204.22,-41565.82,
43661.16,203.18,-41711.16,
43809.01,201.69,-41859.01,
44095.2,204.31,-42145.2,
44204.45,202.0,-42254.45,
44350.47,206.22,-42400.47,
44490.5,204.83,-42540.5,
44655.54,212.29,-42705.54,
44816.01,210.44,-42866.01,
44996.16,211.49,-43046.16,
45142.02,207.95,-43192.02,
45280.39,213.92,-43330.39,
45460.32,214.5,-43510.32,
45696.06,217.51,-43746.06,
45877.11,222.72,-43927.11,
46057.33,221.77,-44107.33,
46181.26,219.25,-44231.26,
46308.55,218.35,-44358.55,
46635.9,216.42,-44685.9,
46746.44,214.18,-44796.44,
46887.94,210.84,-44937.94,
47086.28,210.27,-45136.28,
47314.98,207.6,-45364.98,
47524.36,204.26,-45574.36,
47710.39,203.79,-45760.39,
47943.75,205.66,-45993.75,
48223.18,206.18,-46273.18,
48427.86,200.98,-46477.86,
48987.95,201.58,-47037.95,
49302.98,200.12,-47352.98,
49462.66,204.06,-47512.66,
49728.32,203.87,-47778.32,
50006.51,204.38,-48056.51,
50220.55,206.74,-48270.55,
50527.41,207.41,-48577.41,
51029.17,207.64,-49079.17,
51431.45,211.57,-49481.45,
51779.53,215.08,-49829.53,
52086.82,213.82,-50136.82,
52384.78,219.08,-50434.78,
52573.68,220.72,-50623.68,
52800.74,221.15,-50850.74,
53108.25,223.72,-51158.25,
53400.45,223.26,-51450.45,
53806.25,221.14,-51856.25,
54156.6,220.37,-52206.6,
54387.13,217.96,-52437.13,
54694.61,213.89,-52744.61,
55014.49,216.86,-53064.49,
55293.46,208.19,-53343.46,
55553.13,214.78,-53603.13,
55909.54,210.27,-53959.54,
56237.13,207.67,-54287.13,
56503.58,212.44,-54553.58,
57210.94,215.7,-55260.94,
57476.27,217.38,-55526.27,
57843.72,223.72,-55893.72,
58217.01,224.35,-56267.01,
58433.32,223.15,-56483.32,
59105.07,231.29,-57155.07,
59380.41,226.35,-57430.41,
59733.47,223.45,-57783.47,
60109.88,216.66,-58159.88,
60373.06,212.87,-58423.06,
60516.63,217.25,-58566.63,
60817.62,213.78,-58867.62,
61060.88,207.95,-59110.88,
61234.84,210.57,-59284.84,
61554.11,210.9,-59604.11,
61900.72,206.38,-59950.72,
62552.01,202.56,-60602.01,
62774.57,202.71,-60824.57,
62960.9,200.15,-61010.9,
63555.79,197.4,-61605.79,
63896.88,197.24,-61946.88,
64113.78,199.73,-62163.78,
64657.29,203.7,-62707.29,
64867.42,201.67,-62917.42,
65046.72,199.17,-63096.72,
65546.45,208.98,-63596.45,
65764.51,198.17,-63814.509999999995,
65937.23,200.59,-63987.229999999996,
66439.31,204.39,-64489.31,
66959.71,207.21,-65009.71000000001,
67314.59,201.14,-65364.59,
67729.68,203.76,-65779.68,
68146.19,200.17,-66196.19,
68619.99,203.43,-66669.99,
69081.53,205.42,-67131.53,
69592.02,211.26,-67642.02,
70052.16,215.55,-68102.16,
70427.26,220.33,-68477.26,
70928.87,225.17,-68978.87,
71279.17,235.02,-69329.17,
71693.65,237.56,-69743.65,
72092.81,239.46,-70142.81,
72490.15,232.79,-70540.15,
72866.04,232.33,-70916.04,
73219.32,230.89,-71269.32,
73750.96,232.74,-71800.96,
74221.48,231.33,-72271.48,
74525.65,241.24,-72575.65,
75067.95,243.27,-73117.95,
75545.13,249.52,-73595.13,
75850.65,249.94,-73900.65,
76247.47,239.34,-74297.47,
76696.74,238.01,-74746.74,
77056.48,231.68,-75106.48,
77615.92,224.92,-75665.92,
78080.75,226.65,-76130.75,
78507.95,224.14,-76557.95,
78969.54,227.3,-77019.54,
79410.36,229.26,-77460.36,
79877.76,234.74,-77927.76,
80330.36,230.6,-78380.36,
80721.79,233.92,-78771.79,
81206.94,230.33,-79256.94,
81711.43,234.13,-79761.43,
82068.79,238.89,-80118.79,
82526.72,240.87,-80576.72,
82988.26,246.32,-81038.26,
83554.11,247.1,-81604.11,
83940.9,250.79,-81990.9,
84357.44,243.16,-82407.44,
84936.77,238.42,-82986.77,
85367.47,234.69,-83417.47,
85890.69,228.76,-83940.69,
86498.32,223.38,-84548.32,
87027.64,221.06,-85077.64,
87581.18,223.63,-85631.18,
88136.18,217.8,-86186.18,
88701.05,223.99,-86751.05,
89244.72,227.38,-87294.72,
89696.26,228.88,-87746.26,
90317.29,229.74,-88367.29,
90834.02,231.56,-88884.02,
91445.03,231.12,-89495.03,
91949.74,233.74,-89999.74,
92667.82,232.46,-90717.82,
93424.71,235.16,-91474.71,
93823.21,238.21,-91873.21,
94568.55,242.41,-92618.55,
95234.11,242.91,-93284.11,
95921.48,246.2,-93971.48,
96474.88,245.76,-94524.88,
97270.89,242.35,-95320.89,
97927.46,239.86,-95977.46,
98583.72,243.18,-96633.72,
99361.42,242.99,-97411.42,
100076.85,245.63,-98126.85,
100543.18,247.87,-98593.18,
101325.68,244.76,-99375.68,
101971.89,240.07,-100021.89,
102764.78,237.07,-100814.78,
103308.74,240.68,-101358.74,
104274.33,247.76,-102324.33,
104331.23,238.88,-102381.23,
104966.45,242.36,-103016.45,
105507.15,248.78,-103557.15,
105989.87,257.58,-104039.87,
106256.38,241.4,-104306.38,
106368.25,244.83,-104418.25,
106974.82,240.34,-105024.82,
108401.91,236.43,-106451.91,
109129.42,244.44,-107179.42,
109839.97,244.13,-107889.97,
110555.36,246.69,-108605.36,
111876.8,257.93,-109926.8,
112636.06,256.79,-110686.06,
112941.73,263.12,-110991.73,
113119.27,264.75,-111169.27,
113678.64,260.58,-111728.64,
114250.0,267.9,-112300.0,
114815.39,275.07,-112865.39,
115446.67,276.96,-113496.67,
115908.58,273.16,-113958.58,
116475.58,273.63,-114525.58,
117185.55,274.03,-115235.55,
117619.36,274.98,-115669.36,
118658.27,277.72,-116708.27,
119242.52,267.74,-117292.52,
119715.5,274.59,-117765.5,
120144.12,268.73,-118194.12,
120542.91,276.82,-118592.91,
121426.02,279.48,-119476.02,
121841.97,276.61,-119891.97,
122100.0,278.25,-120150.0,
122292.36,279.0,-120342.36,
123013.95,279.16,-121063.95,
123630.91,274.6,-121680.91,
123959.48,275.87,-122009.48,
124404.52,281.54,-122454.52,
124817.45,275.52,-122867.45,
125292.63,276.81,-123342.63,
126013.7,275.15,-124063.7,
126699.91,273.02,-124749.91,
126962.03,274.93,-125012.03,
127313.83,275.78,-125363.83,
127503.55,276.88,-125553.55,
128024.48,276.03,-126074.48,
128172.67,280.72,-126222.67,
128466.73,285.76,-126516.73,
128878.0,271.08,-126928.0,
129078.04,268.44,-127128.04,
129655.64,260.61,-127705.64,
130373.03,251.84,-128423.03,
130818.36,250.84,-128868.36,
131322.2,241.13,-129372.20000000001,
131976.24,232.28,-130026.23999999999,
132709.88,228.0,-130759.88,
132931.96,224.63,-130981.95999999999,
133775.81,222.74,-131825.81,
134522.28,212.43,-132572.28,
136565.55,203.74,-134615.55,
137763.42,199.18,-135813.42,
138834.3,198.55,-136884.3,
139949.97,192.75,-137999.97,
142360.56,196.51,-140410.56,
143651.3,194.59,-141701.3,
144799.59,196.02,-142849.59,
146108.24,193.59,-144158.24,
148233.47,195.81,-146283.47,
149466.15,201.78,-147516.15,
150594.88,202.51,-148644.88,
151444.85,202.35,-149494.85,
153774.66,198.78,-151824.66,
154889.13,196.3,-152939.13,
156306.82,189.38,-154356.82,
158666.0,189.0,-156716.0,
159716.0,185.5,-157766.0,
160155.0,187.5,-158205.0,
163858.0,204.3,-161908.0,
164334.65,196.5,-162384.65,
166143.0,191.6,-164193.0,
166784.0,190.1,-164834.0,
167914.1,186.7,-165964.1,
168745.5,183.8,-166795.5,
169514.4,196.6,-167564.4,
171939.0,197.8,-169989.0,
174442.0,197.7,-172492.0,
175833.35,196.0,-173883.35,
176853.0,190.3,-174903.0,
177533.93,189.4,-175583.93,
177729.5,190.1,-175779.5,
179873.0,207.7,-177923.0,
181302.0,213.2,-179352.0,
182196.0,217.7,-180246.0,
183258.0,198.1,-181308.0,
184371.0,199.7,-182421.0,
186411.0,203.4,-184461.0,
188437.0,210.7,-186487.0,
189806.5,231.3,-187856.5,
191254.5,231.4,-189304.5,
191964.08,220.3,-190014.08,
193074.5,218.0,-191124.5,
195126.5,226.5,-193176.5,
195799.5,220.0,-193849.5,
197587.35,226.4,-195637.35,
198327.45,241.2,-196377.45,
198938.0,242.6,-196988.0,
201752.0,250.9,-199802.0,
202744.5,239.1,-200794.5,
203842.0,247.6,-201892.0,
205203.28,244.4,-203253.28,
205575.76,231.9,-203625.76,
205944.58,232.2,-203994.58,
206359.94,228.6,-204409.94,
206896.85,226.3,-204946.85,
207240.3,229.4,-205290.3,
207622.89,231.4,-205672.89,
208108.78,238.1,-206158.78,
208274.53,237.2,-206324.53,
208821.57,230.0,-206871.57,
209082.26,240.5,-207132.26,
209445.04,242.2,-207495.04,
209966.09,244.6,-208016.09,
210175.17,243.9,-208225.17,
210832.07,247.2,-208882.07,
211058.47,252.0,-209108.47,
211577.84,246.9,-209627.84,
212078.75,239.5,-210128.75,
212533.08,257.4,-210583.08,
213330.35,243.4,-211380.35,
214158.81,251.2,-212208.81,
215080.75,241.4,-213130.75,
215912.34,240.3,-213962.34,
216306.15,242.6,-214356.15,
216864.97,247.5,-214914.97,
217415.64,251.7,-215465.64,
217694.96,251.1,-215744.96,
218200.79,245.3,-216250.79,
219067.61,240.5,-217117.61,
220935.62,214.1,-218985.62,
221697.46,216.1,-219747.46,
222539.58,207.1,-220589.58,
223129.04,208.8,-221179.04,
224271.51,205.6,-222321.51,
226259.83,203.3,-224309.83,
226849.84,215.7,-224899.84,
227719.98,235.5,-225769.98,
228439.42,234.5,-226489.42,
228766.99,233.1,-226816.99,
229572.05,224.5,-227622.05,
231129.66,232.4,-229179.66,
232191.77,233.9,-230241.77,
232856.06,241.6,-230906.06,
235990.86,245.2,-234040.86,
236426.01,252.1,-234476.01,
236850.8,241.4,-234900.8,
237391.66,247.4,-235441.66,
237905.53,243.1,-235955.53,
238425.34,239.1,-236475.34,
239008.26,245.6,-237058.26,
239387.04,245.8,-237437.04,
239738.66,247.4,-237788.66,
240190.37,252.8,-238240.37,
241333.05,259.7,-239383.05,
241855.4,263.2,-239905.4,
242685.46,279.0,-240735.46,
243138.52,280.2,-241188.52,
244121.77,263.7,-242171.77,
244582.34,252.3,-242632.34,
245057.01,249.9,-243107.01,
245564.0,236.7,-243614.0,
246188.81,230.4,-244238.81,
246870.49,219.4,-244920.49,
249099.87,214.7,-247149.87,
251390.57,200.2,-249440.57,
252132.26,213.9,-250182.26,
252953.72,195.4,-251003.72,
253756.68,196.7,-251806.68,
254587.11,195.4,-252637.11,
256298.66,199.0,-254348.66,
257060.59,201.9,-255110.59,
257908.07,204.0,-255958.07,
259396.9,203.9,-257446.9,
260894.24,209.6,-258944.24,
261293.92,205.7,-259343.92,
262054.58,208.9,-260104.58,
262817.1,214.6,-260867.09999999998,
264583.76,228.1,-262633.76,
266134.45,199.9,-264184.45,
267007.0,211.7,-265057.0,
268257.83,188.7,-266307.83,
268995.5,187.2,-267045.5,
269940.47,194.2,-267990.47,
271036.04,198.8,-269086.04,
272149.64,184.7,-270199.64,
273165.83,190.4,-271215.83,
274164.08,193.9,-272214.08,
275154.64,194.1,-273204.64,
276257.72,198.4,-274307.72,
277443.0,193.2,-275493.0,
278590.91,202.2,-276640.91,
279619.05,204.5,-277669.05,
280558.95,211.0,-278608.95,
281400.74,215.3,-279450.74,
282592.89,223.7,-280642.89,
284434.68,231.3,-282484.68,
285931.32,228.0,-283981.32,
286609.96,226.4,-284659.96,
287443.86,231.4,-285493.86,
287820.05,230.4,-285870.05,
288286.43,231.0,-286336.43,
290184.5,234.9,-288234.5,
290863.79,220.4,-288913.79,
291562.87,217.1,-289612.87,
292818.31,207.6,-290868.31,
293650.74,206.0,-291700.74,
294455.29,206.7,-292505.29,
295364.23,212.7,-293414.23,
296828.87,213.1,-294878.87,
298704.62,217.1,-296754.62,
299376.28,224.4,-297426.28,
300115.87,231.0,-298165.87,
301025.62,236.1,-299075.62,
302084.19,239.0,-300134.19,
303116.0,236.0,-301166.0,
304100.92,240.2,-302150.92,
305099.81,240.7,-303149.81,
305778.15,250.2,-303828.15,
306581.12,248.6,-304631.12,
307463.27,244.8,-305513.27,
308325.7,225.8,-306375.7,
309423.73,227.8,-307473.73,
310010.98,226.2,-308060.98,
310776.1,233.2,-308826.1,
311670.03,237.8,-309720.03,
312593.43,239.0,-310643.43,
313343.13,241.9,-311393.13,
314051.85,251.6,-312101.85,
314836.21,256.7,-312886.21,
315657.52,257.1,-313707.52,
316450.72,246.8,-314500.72,
317149.87,272.6,-315199.87,
317932.55,251.6,-315982.55,
318852.6,245.2,-316902.6,
319829.66,233.4,-317879.66,
320916.34,255.8,-318966.34,
321817.45,249.2,-319867.45,
323383.35,257.2,-321433.35,
324166.92,260.4,-322216.92,
325007.41,260.3,-323057.41,
325823.0,260.5,-323873.0,
326591.09,266.2,-324641.09,
327435.84,264.0,-325485.84,
328086.81,266.1,-326136.81,
328770.75,270.1,-326820.75,
329414.29,271.9,-327464.29,
330053.33,275.1,-328103.33,
331293.55,265.0,-329343.55,
332144.12,271.7,-330194.12,
332798.62,272.6,-330848.62,
333500.09,273.1,-331550.09,
333997.56,282.4,-332047.56,
334349.5,289.1,-332399.5,
334543.89,288.4,-332593.89,
335102.31,298.6,-333152.31,
335707.51,278.1,-333757.51,
336377.54,285.8,-334427.54,
336867.82,278.6,-334917.82,
337516.67,270.5,-335566.67,
338213.5,255.7,-336263.5,
338991.44,241.9,-337041.44,
339983.89,239.6,-338033.89,
340735.08,234.2,-338785.08,
342791.56,250.1,-340841.56,
343923.59,200.7,-341973.59,
345000.85,205.2,-343050.85,
346320.91,204.8,-344370.91,
347544.81,211.9,-345594.81,
349139.09,220.3,-347189.09,
351676.35,221.1,-349726.35,
353174.6,216.2,-351224.6,
354412.98,209.4,-352462.98,
355817.77,209.2,-353867.77,
359010.38,193.0,-357060.38,
360683.84,186.1,-358733.84,
362567.6,185.8,-360617.6,
365190.23,201.2,-363240.23,
368065.9,206.3,-366115.9,
371385.87,201.9,-369435.87,
373457.62,199.9,-371507.62,
375204.6,214.7,-373254.6,
377034.88,224.6,-375084.88,
378760.24,229.6,-376810.24,
382931.49,227.0,-380981.49,
384557.45,240.0,-382607.45,
386283.71,239.1,-384333.71,
387824.82,246.8,-385874.82,
389410.21,245.8,-387460.21,
392287.25,258.1,-390337.25,
392977.15,259.5,-391027.15,
394003.69,273.6,-392053.69,
394906.1,260.7,-392956.1,
398275.13,276.3,-396325.13,
399926.16,277.1,-397976.16,
400710.08,283.2,-398760.08,
402140.92,283.1,-400190.92,
402859.84,275.7,-400909.84,
404313.3,276.5,-402363.3,
405062.63,280.5,-403112.63,
406542.8,279.6,-404592.8,
407282.5,285.6,-405332.5,
408818.72,284.5,-406868.72,
409598.24,274.7,-407648.24,
410453.8,282.6,-408503.8,
411347.97,283.5,-409397.97,
413258.65,274.9,-411308.65,
414210.86,264.9,-412260.86,
415179.59,271.6,-413229.59,
415945.61,276.4,-413995.61,
416425.32,271.7,-414475.32,
417440.44,273.4,-415490.44,
417956.78,271.8,-416006.78,
418505.3,274.6,-416555.3,
419575.78,273.7,-417625.78,
420133.76,271.2,-418183.76,
420701.76,273.8,-418751.76,
421912.15,268.6,-419962.15,
422532.65,266.4,-420582.65,
423225.5,270.6,-421275.5,
424507.75,267.7,-422557.75,
425132.26,268.3,-423182.26,
425740.91,270.8,-423790.91,
426237.27,270.0,-424287.27,
426621.56,265.4,-424671.56,
427154.96,255.3,-425204.96,
427941.4,252.1,-425991.4,
428840.2,248.2,-426890.2,
429178.36,242.5,-427228.36,
431023.76,219.7,-429073.76,
432179.31,227.2,-430229.31,
433850.3,211.5,-431900.3,
434379.07,207.6,-432429.07,
435939.69,209.8,-433989.69,
437485.42,207.5,-435535.42,
439063.42,200.3,-437113.42,
440659.58,201.7,-438709.58,
442230.78,201.3,-440280.78,
443844.65,202.0,-441894.65,
445331.73,199.1,-443381.73,
447219.18,201.1,-445269.18,
448459.18,203.5,-446509.18,
449571.04,208.1,-447621.04,
450642.89,201.7,-448692.89,
451747.28,201.2,-449797.28,
452735.84,204.9,-450785.84,
453775.64,201.9,-451825.64,
454864.31,198.4,-452914.31,
456001.61,193.3,-454051.61,
457114.44,192.5,-455164.44,
457745.13,199.1,-455795.13,
458208.29,204.3,-456258.29,
458794.01,203.3,-456844.01,
459211.55,208.3,-457261.55,
460252.21,202.4,-458302.21,
461286.06,195.5,-459336.06,
462414.1,190.7,-460464.1,
463526.65,194.4,-461576.65,
464599.47,199.9,-462649.47,
465265.36,205.2,-463315.36,
465601.73,210.0,-463651.73,
466632.3,208.1,-464682.3,
467706.64,204.4,-465756.64,
468877.71,203.4,-466927.71,
470040.13,205.5,-468090.13,
470725.98,206.5,-468775.98,
471200.79,215.5,-469250.79,
471824.53,218.7,-469874.53,
472263.07,229.2,-470313.07,
472863.27,232.7,-470913.27,
473217.82,243.7,-471267.82,
473800.85,243.9,-471850.85,
474092.36,245.6,-472142.36,
474974.11,241.2,-473024.11,
475925.2,233.1,-473975.2,
476949.8,232.8,-474999.8,
477941.0,236.6,-475991.0,
478892.46,239.1,-476942.46,
479402.95,236.5,-477452.95,
479775.69,231.3,-477825.69,
480328.3,220.8,-478378.3,
480726.68,218.8,-478776.68,
481662.96,223.8,-479712.96,
482580.96,223.4,-480630.96,
483395.38,227.3,-481445.38,
484179.79,231.4,-482229.79,
484936.18,231.4,-482986.18,
485667.52,231.2,-483717.52,
486398.67,233.0,-484448.67,
487129.25,232.9,-485179.25,
487848.07,231.3,-485898.07,
488565.45,237.1,-486615.45,
489302.09,242.0,-487352.09,
489719.79,240.9,-487769.79,
490026.29,252.8,-488076.29,
490494.91,249.3,-488544.91,
490733.95,242.6,-488783.95,
491451.08,243.3,-489501.08,
492154.55,246.7,-490204.55,
492863.78,243.7,-490913.78,
493593.11,239.7,-491643.11,
494300.39,239.1,-492350.39,
495024.13,238.3,-493074.13,
495725.69,238.5,-493775.69,
496444.07,237.6,-494494.07,
497187.63,236.4,-495237.63,
497965.98,236.5,-496015.98,
498737.42,232.8,-496787.42,
499526.78,230.6,-497576.78,
500304.78,230.8,-498354.78,
501083.96,228.2,-499133.96,
501861.42,230.8,-499911.42,
502637.64,231.2,-500687.64,
503418.93,232.0,-501468.93,
504177.19,232.2,-502227.19,
504911.78,234.1,-502961.78,
505684.24,233.9,-503734.24,
506483.73,235.5,-504533.73,
507312.4,236.0,-505362.4,
508117.72,238.2,-506167.72,
508940.98,237.0,-506990.98,
509784.98,240.3,-507834.98,
510652.33,233.4,-508702.33,
511512.45,236.4,-509562.45,
512363.78,235.2,-510413.78,
513204.74,242.0,-511254.74,
514033.12,238.2,-512083.12,
514847.78,239.2,-512897.78,
515650.78,241.5,-513700.78,
516420.98,243.0,-514470.98,
517154.98,247.2,-515204.98,
517876.01,246.2,-515926.01,
518600.46,245.5,-516650.46,
519329.13,245.3,-517379.13,
520073.36,247.7,-518123.36,
520821.81,245.5,-518871.81,
521574.47,243.5,-519624.47,
523801.82,241.9,-521851.82,
524570.87,236.8,-522620.87,
525337.0,235.8,-523387.0,
526107.0,233.7,-524157.0,
526895.81,230.3,-524945.81,
527698.69,227.8,-525748.69,
528516.69,224.7,-526566.69,
529403.43,222.7,-527453.43,
530290.51,221.2,-528340.51,
531201.38,220.3,-529251.38,
532078.76,220.7,-530128.76,
532592.53,214.5,-530642.53,
532987.57,211.4,-531037.57,
533554.37,204.4,-531604.37,
533932.24,200.0,-531982.24,
534668.18,195.1,-532718.18,
535043.56,193.8,-533093.56,
535695.05,190.5,-533745.05,
536178.47,199.8,-534228.47,
537334.47,199.4,-535384.47,
538440.76,205.0,-536490.76,
539513.82,206.4,-537563.82,
540583.82,212.9,-538633.82,
541653.82,211.2,-539703.82,
542740.21,205.0,-540790.21,
543844.87,203.6,-541894.87,
544885.99,208.1,-542935.99,
545864.91,210.3,-543914.91,
546830.15,209.6,-544880.15,
547806.68,209.7,-545856.68,
548770.78,204.6,-546820.78,
549720.11,202.5,-547770.11,
550230.73,208.8,-548280.73,
550582.55,213.6,-548632.55,
551381.09,215.2,-549431.09,
552111.09,219.9,-550161.09,
552681.56,221.7,-550731.56,
553020.92,222.3,-551070.92,
553245.99,226.3,-551295.99,
553619.39,222.1,-551669.39,
553808.65,220.3,-551858.65,
554479.62,223.6,-552529.62,
555158.35,224.3,-553208.35,
555842.35,226.7,-553892.35,
556407.02,233.9,-554457.02,
556923.29,241.0,-554973.29,
557198.65,243.0,-555248.65,
557385.05,249.1,-555435.05,
557657.14,244.0,-555707.14,
557838.21,250.5,-555888.21,
558154.56,245.6,-556204.56,
558306.02,240.4,-556356.02,
558777.69,238.1,-556827.69,
559316.01,234.5,-557366.01,
559636.76,229.7,-557686.76,
559872.62,230.2,-557922.62,
560436.62,230.3,-558486.62,
560965.6,228.3,-559015.6,
561450.74,231.6,-559500.74,
561888.07,231.9,-559938.07,
562310.49,234.6,-560360.49,
562655.6,234.1,-560705.6,
563134.85,240.1,-561184.85,
563535.74,242.3,-561585.74,
563927.9,245.7,-561977.9,
564310.56,245.8,-562360.56,
564724.36,247.6,-562774.36,
565134.3,251.4,-563184.3,
565538.96,252.4,-563588.96,
565895.64,252.6,-563945.64,
566245.3,251.4,-564295.3,
566588.64,253.7,-564638.64,
566918.35,254.3,-564968.35,
567239.49,253.9,-565289.49,
567548.65,254.5,-565598.65,
567884.89,253.2,-565934.89,
568204.14,253.9,-566254.14,
568534.24,252.8,-566584.24,
568930.15,253.0,-566980.15,
569314.59,250.2,-567364.59,
569683.93,251.3,-567733.93,
570067.25,250.0,-568117.25,
570463.46,251.3,-568513.46,
570862.13,251.8,-568912.13,
571261.44,251.8,-569311.44,
571633.36,249.6,-569683.36,
571974.69,251.6,-570024.69,
572315.5,250.3,-570365.5,
572669.87,246.31,-570719.87,
573053.52,247.66,-571103.52,
573475.75,249.19,-571525.75,
573913.02,248.72,-571963.02,
574364.65,251.77,-572414.65,
574806.0,251.86,-572856.0,
575233.96,252.08,-573283.96,
575654.53,248.86,-573704.53,
576112.85,252.54,-574162.85,
576599.1,252.9,-574649.1,
577115.1,251.3,-575165.1,
577653.85,251.34,-575703.85,
578196.35,251.08,-576246.35,
578742.35,249.06,-576792.35,
579280.55,252.92,-577330.55,
579833.12,251.47,-577883.12,
580210.5,244.14,-578260.5,
580401.78,243.81,-578451.78,
580814.0,236.17,-578864.0,
581118.65,230.26,-579168.65,
581546.53,225.21,-579596.53,
581928.3,219.41,-579978.3,
582454.53,215.45,-580504.53,
582836.3,209.88,-580886.3,
583574.25,206.68,-581624.25,
583958.8,210.64,-582008.8,
586720.84,223.96,-584770.84,
587171.85,225.99,-585221.85,
587888.67,234.4,-585938.67,
588279.35,238.78,-586329.35,
588940.9,246.35,-586990.9,
589425.35,250.2,-587475.35,
590040.15,248.1,-588090.15,
590488.8,243.56,-588538.8,
591019.47,237.38,-589069.47,
592383.47,225.68,-590433.47,
592785.52,229.39,-590835.52,
593561.25,233.16,-591611.25,
594046.75,238.15,-592096.75,
594863.81,237.98,-592913.81,
595436.47,232.92,-593486.47,
596221.56,221.22,-594271.56,
596791.13,216.44,-594841.13,
597803.61,216.27,-595853.61,
598329.75,219.02,-596379.75,
599218.22,225.97,-597268.22,
599814.63,229.38,-597864.63,
601255.15,232.45,-599305.15,
602600.75,237.86,-600650.75,
603949.15,239.14,-601999.15,
605303.15,244.53,-603353.15,
606625.91,248.48,-604675.91,
607979.3,254.58,-606029.3,
609247.3,259.22,-607297.3,
610429.5,257.74,-608479.5,
611551.01,257.82,-609601.01,
611600.63,259.68,-609650.63,
612761.97,258.14,-610811.97,
613942.8,256.19,-611992.8,
615140.6,252.75,-613190.6,
616299.12,252.9,-614349.12,
616356.6,252.73,-614406.6,
617609.57,252.64,-615659.57,
618953.75,248.29,-617003.75,
620283.75,245.89,-618333.75,
621651.45,243.53,-619701.45,
622950.73,243.89,-621000.73,
623054.95,239.19,-621104.95,
624496.95,237.93,-622546.95,
625397.92,235.02,-623447.92,
626047.5,228.51,-624097.5,
626969.43,215.71,-625019.43,
627830.1,205.76,-625880.1,
629139.62,199.52,-627189.62,
629769.85,205.27,-627819.85,
629866.1,200.78,-627916.1,
631526.32,200.46,-629576.32,
632356.94,196.5,-630406.94,
634077.54,193.1,-632127.54,
634881.14,195.95,-632931.14,
635009.03,194.86,-633059.03,
636521.56,194.0,-634571.56,
637714.37,195.33,-635764.37,
639418.27,188.85,-637468.27,
640372.25,190.18,-638422.25,
642074.6,191.38,-640124.6,
642856.65,191.56,-640906.65,
644300.83,195.31,-642350.83,
645150.65,195.82,-643200.65,
646376.95,189.89,-644426.95,
647254.85,191.85,-645304.85,
648612.42,193.48,-646662.42,
649191.1,196.17,-647241.1,
650348.46,189.25,-648398.46,
650947.1,193.44,-648997.1,
652104.26,187.27,-650154.26,
652708.95,186.79,-650758.95,
653730.25,192.87,-651780.25,
654438.65,194.82,-652488.65,
655524.35,200.0,-653574.35,
656132.65,200.35,-654182.65,
657181.09,192.93,-655231.09,
657654.21,189.23,-655704.21,
657722.0,190.88,-655772.0,
658764.1,184.1,-656814.1,
659293.82,187.38,-657343.82,
659411.9,185.68,-657461.9,
660463.55,188.43,-658513.55,
661118.32,193.97,-659168.32,
661215.9,191.59,-659265.9,
662282.18,189.69,-660332.18,
662796.61,193.91,-660846.61,
662877.55,190.86,-660927.55,
663937.52,191.02,-661987.52,
664320.4,192.55,-662370.4,
664408.09,187.77,-662458.09,
665321.94,180.17,-663371.94,
665836.52,180.54,-663886.52,
666753.36,174.77,-664803.36,
667409.86,173.71,-665459.86,
668415.26,177.71,-666465.26,
668915.54,180.67,-666965.54,
669819.3,187.66,-667869.3,
670296.32,191.51,-668346.32,
671070.75,194.88,-669120.75,
671457.93,196.83,-669507.93,
672150.88,194.79,-670200.88,
672761.38,197.13,-670811.38,
673696.11,201.12,-671746.11,
674229.38,204.67,-672279.38,
675028.4,211.69,-673078.4,
675406.53,216.12,-673456.53,
676530.74,222.57,-674580.74,
677152.31,219.96,-675202.31,
677600.74,216.59,-675650.74,
678328.18,218.21,-676378.18,
678741.62,220.09,-676791.62,
679455.37,229.16,-677505.37,
679735.17,232.7,-677785.17,
680312.58,233.61,-678362.58,
680627.61,233.11,-678677.61,
681225.67,225.81,-679275.67,
681669.93,227.9,-679719.93,
682343.71,221.31,-680393.71,
682740.09,219.14,-680790.09,
683457.86,220.24,-681507.86,
683828.75,222.7,-681878.75,
684423.68,225.64,-682473.68,
684758.06,224.36,-682808.06,
685294.84,221.82,-683344.84,
685679.87,220.62,-683729.87,
686269.11,220.63,-684319.11,
686581.81,222.62,-684631.81,
687154.04,222.7,-685204.04,
687445.5,222.97,-685495.5,
688000.38,226.73,-686050.38,
688300.13,227.65,-686350.13,
688809.87,227.64,-686859.87,
689157.83,230.67,-687207.83,
689693.26,232.07,-687743.26,
689951.45,232.27,-688001.45,
690474.65,235.8,-688524.65,
690736.39,236.45,-688786.39,
691221.83,239.29,-689271.83,
691467.67,238.42,-689517.67,
691967.96,239.38,-690017.96,
692318.34,243.56,-690368.34,
692832.46,239.3,-690882.46,
693077.09,238.47,-691127.09,
693574.04,243.7,-691624.04,
693821.29,237.76,-691871.29,
694280.35,239.34,-692330.35,
694536.82,240.46,-692586.82,
694949.14,239.31,-692999.14,
695259.26,239.8,-693309.26,
695732.31,236.8,-693782.31,
695981.88,238.74,-694031.88,
696434.89,238.05,-694484.89,
696644.83,238.13,-694694.83,
697090.29,239.44,-695140.29,
697342.45,238.42,-695392.45,
697746.68,239.88,-695796.68,
698039.0,241.03,-696089.0,
698505.54,240.9,-696555.54,
698753.23,241.83,-696803.23,
699215.75,238.86,-697265.75,
699439.02,239.01,-697489.02,
699864.71,239.73,-697914.71,
700103.69,237.21,-698153.69,
700485.02,236.72,-698535.02,
700814.84,236.61,-698864.84,
701268.53,235.42,-699318.53,
701524.52,232.46,-699574.52,
701993.15,230.88,-700043.15,
702200.92,232.16,-700250.92,
702734.27,232.18,-700784.27,
703009.98,230.59,-701059.98,
703468.52,233.35,-701518.52,
703796.07,232.28,-701846.07,
704250.52,232.83,-702300.52,
704581.81,233.54,-702631.81,
705053.34,234.04,-703103.34,
705243.91,235.09,-703293.91,
705726.95,237.18,-703776.95,
706053.2,237.66,-704103.2,
706492.95,236.05,-704542.95,
706710.74,236.05,-704760.74,
707310.7,238.85,-705360.7,
707643.73,233.51,-705693.73,
708199.68,233.58,-706249.68,
708413.45,233.11,-706463.45,
708959.15,234.84,-707009.15,
709453.79,231.43,-707503.79,
709909.55,230.51,-707959.55,
710456.45,227.03,-708506.45,
710983.36,224.9,-709033.36,
711399.04,225.39,-709449.04,
712021.47,224.12,-710071.47,
712243.73,224.0,-710293.73,
713312.5,223.89,-711362.5,
714065.58,227.64,-712115.58,
714403.8,227.08,-712453.8,
715115.73,223.14,-713165.73,
715565.38,227.58,-713615.38,
716310.16,213.6,-714360.16,
716585.91,210.51,-714635.91,
717348.27,198.43,-715398.27,
717955.48,189.88,-716005.48,
718778.35,193.46,-716828.35,
719287.18,200.82,-717337.18,
720087.29,212.03,-718137.29,
720590.76,217.04,-718640.76,
721407.52,219.2,-719457.52,
721689.86,218.96,-719739.86,
722505.81,216.1,-720555.81,
722994.59,212.11,-721044.59,
723780.23,212.55,-721830.23,
724142.0,214.01,-722192.0,
724975.36,210.48,-723025.36,
725474.43,211.49,-723524.43,
726249.59,211.08,-724299.59,
726576.86,211.43,-724626.86,
727898.5,210.07,-725948.5,
728593.9,210.24,-726643.9,
728987.53,211.08,-727037.53,
729836.94,210.01,-727886.94,
730260.31,212.17,-728310.31,
730908.31,210.16,-728958.31,
731184.23,210.7,-729234.23,
731861.0,211.62,-729911.0,
732321.75,213.73,-730371.75,
732993.5,208.11,-731043.5,
733329.0,207.72,-731379.0,
734022.23,210.6,-732072.23,
734462.62,216.15,-732512.62,
735134.57,214.66,-733184.57,
735409.91,217.88,-733459.91,
736107.31,217.19,-734157.31,
736522.22,213.14,-734572.22,
737269.82,206.92,-735319.82,
737660.12,204.52,-735710.12,
738580.99,191.74,-736630.99,
739174.56,185.61,-737224.56,
740106.45,185.4,-738156.45,
740460.92,183.39,-738510.92,
741329.9,184.77,-739379.9,
741874.13,189.14,-739924.13,
742644.75,188.65,-740694.75,
743062.17,187.33,-741112.17,
743959.08,188.18,-742009.08,
744523.14,188.97,-742573.14,
745671.05,187.29,-743721.05,
746619.93,190.24,-744669.93,
747177.04,187.92,-745227.04,
747940.2,187.95,-745990.2,
748336.88,187.54,-746386.88,
749262.93,188.68,-747312.93,
749814.18,190.17,-747864.18,
750706.44,192.08,-748756.44,
751036.25,191.3,-749086.25,
751973.87,193.55,-750023.87,
752565.88,197.5,-750615.88,
753489.07,195.43,-751539.07,
753934.65,203.9,-751984.65,
755114.58,199.05,-753164.58,
755586.83,203.3,-753636.83,
756566.17,208.1,-754616.17,
756850.68,209.45,-754900.68,
757785.45,213.61,-755835.45,
758362.42,218.35,-756412.42,
759135.69,222.72,-757185.69,
759561.88,226.94,-757611.88,
759878.21,223.02,-757928.21,
760108.27,225.37,-758158.27,
760516.06,225.62,-758566.06,
760939.94,222.71,-758989.94,
761864.49,216.64,-759914.49,
762166.04,214.69,-760216.04,
763101.8,214.0,-761151.8,
763770.58,219.95,-761820.58,
764676.88,223.89,-762726.88,
765181.82,222.93,-763231.82,
765586.64,233.66,-763636.64,
765851.48,229.41,-763901.48,
766188.5,232.12,-764238.5,
766808.91,230.62,-764858.91,
767747.16,224.86,-765797.16,
768117.26,223.82,-766167.26,
769061.38,221.64,-767111.38,
769651.42,225.87,-767701.42,
770599.15,230.63,-768649.15,
771020.67,229.56,-769070.67,
771519.33,236.32,-769569.33,
771812.67,234.24,-769862.67,
772175.26,239.71,-770225.26,
772474.56,243.89,-770524.56,
772737.96,246.49,-770787.96,
772995.64,243.85,-771045.64,
773249.82,246.03,-771299.82,
773684.47,237.78,-771734.47,
774044.14,239.23,-772094.14,
774958.81,238.39,-773008.81,
775538.01,241.74,-773588.01,
776332.26,245.32,-774382.26,
776782.7,248.92,-774832.7,
777681.75,247.3,-775731.75,
778232.79,252.46,-776282.79,
779057.98,254.93,-777107.98,
779367.55,254.69,-777417.55,
780188.92,254.43,-778238.92,
780719.44,252.52,-778769.44,
781562.83,257.21,-779612.83,
781886.68,251.51,-779936.68,
782728.45,257.44,-780778.45,
783198.53,255.02,-781248.53,
784261.76,260.92,-782311.76,
785034.08,255.85,-783084.08,
785519.05,259.66,-783569.05,
786189.6,262.23,-784239.6,
786563.26,264.35,-784613.26,
787355.51,269.36,-785405.51,
787803.57,266.0,-785853.57,
788479.24,257.2,-786529.24,
788691.87,257.02,-786741.87,
789494.04,238.64,-787544.04,
789953.01,235.49,-788003.01,
790639.41,227.38,-788689.41,
791056.88,230.55,-789106.88,
792030.78,224.69,-790080.78,
792617.3,214.45,-790667.3,
793519.39,213.36,-791569.39,
793852.76,218.39,-791902.76,
795122.45,208.79,-793172.45,
795687.32,204.62,-793737.32,
796852.59,198.79,-794902.59,
797378.82,197.91,-795428.82,
798681.3,200.49,-796731.3,
801236.06,198.68,-799286.06,
802872.09,198.66,-800922.09,
803709.25,202.65,-801759.25,
803925.28,202.92,-801975.28,
804009.87,207.5,-802059.87,
804522.67,204.86,-802572.67,
805132.44,202.23,-803182.44,
805668.87,207.29,-803718.87,
-29.0,336.85,1979.0,
-30.0,338.91,1980.0,
-31.0,340.11,1981.0,
-32.0,340.85,1982.0,
-33.0,342.53,1983.0,
-34.0,344.07,1984.0,
-35.0,345.54,1985.0,
-36.0,346.97,1986.0,
-37.0,348.68,1987.0,
-38.0,351.16,1988.0,
-39.0,352.79,1989.0,
-40.0,354.06,1990.0,
-41.0,355.39,1991.0,
-42.0,356.09,1992.0,
-43.0,356.83,1993.0,
-44.0,358.33,1994.0,
-45.0,360.17,1995.0,
-46.0,361.93,1996.0,
-47.0,363.04,1997.0,
-48.0,365.7,1998.0,
-49.0,367.79,1999.0,
-50.0,368.96,2000.0,
-51.0,370.57,2001.0,
-52.0,372.58,2002.0,
-53.0,375.14,2003.0,
-54.0,376.95,2004.0,
-55.0,378.98,2005.0,
-56.0,381.15,2006.0,
-57.0,382.9,2007.0,
-58.0,385.02,2008.0,
-59.0,386.5,2009.0,
-60.0,388.76,2010.0,
-61.0,390.63,2011.0,
-62.0,392.65,2012.0,
-63.0,395.4,2013.0,
-64.0,397.34,2014.0,
-65.0,399.65,2015.0,
-66.0,403.07,2016.0,
-67.0,405.22,2017.0,
-68.0,407.61,2018.0,
-69.0,410.07,2019.0,
-70.0,412.44,2020.0,
-71.0,414.7,2021.0,
-72.0,417.07,2022.0,
137.0,,1813.0,280.4
268.0,,1682.0,274.9
279.0,,1671.0,277.9
395.0,,1555.0,279.1
404.0,,1546.0,281.9
485.0,,1465.0,277.7
559.0,,1391.0,281.1
672.0,,1278.0,282.2
754.0,,1196.0,280.1
877.0,,1073.0,278.4
950.0,,1000.0,276.6
1060.0,,890.0,279.1
1153.0,,797.0,277.7
1233.0,,717.0,278.7
1350.0,,600.0,277.4
1453.0,,497.0,279.2
1552.0,,398.0,280.0
1638.0,,312.0,278.9
1733.0,,217.0,278.7
1812.0,,138.0,278.0
1931.0,,19.0,276.9
2057.0,,-107.0,276.7
2128.0,,-178.0,276.7
2212.0,,-262.0,277.6
2334.0,,-384.0,277.9
2433.0,,-483.0,273.9
2536.0,,-586.0,278.9
2604.0,,-654.0,275.3
2728.0,,-778.0,274.7
2806.0,,-856.0,276.3
2902.0,,-952.0,274.6
3053.0,,-1103.0,276.3
3116.0,,-1166.0,273.1
3215.0,,-1265.0,274.0
3336.0,,-1386.0,275.0
3453.0,,-1503.0,273.4
3523.0,,-1573.0,273.0
3622.0,,-1672.0,271.5
3721.0,,-1771.0,275.4
3790.0,,-1840.0,274.9
3910.0,,-1960.0,271.7
4004.0,,-2054.0,271.6
4096.0,,-2146.0,272.8
4161.0,,-2211.0,271.5
4324.0,,-2374.0,271.1
4374.0,,-2424.0,269.1
4480.0,,-2530.0,269.8
4573.0,,-2623.0,271.5
4703.0,,-2753.0,270.7
4766.0,,-2816.0,269.3
4874.0,,-2924.0,268.6
5004.0,,-3054.0,269.8
5094.0,,-3144.0,267.6
5160.0,,-3210.0,265.3
5274.0,,-3324.0,265.2
5370.0,,-3420.0,267.6
5476.0,,-3526.0,265.9
5562.0,,-3612.0,265.5
5657.0,,-3707.0,260.7
5716.0,,-3766.0,266.7
5855.0,,-3905.0,265.5
5998.0,,-4048.0,263.2
6039.0,,-4089.0,262.7
6131.0,,-4181.0,261.2
6263.0,,-4313.0,261.1
6354.0,,-4404.0,259.4
6434.0,,-4484.0,262.1
6545.0,,-4595.0,262.9
6617.0,,-4667.0,258.1
6713.0,,-4763.0,257.6
6838.0,,-4888.0,262.3
6941.0,,-4991.0,263.0
7028.0,,-5078.0,260.7
7112.0,,-5162.0,258.4
7234.0,,-5284.0,260.1
7320.0,,-5370.0,260.4
7413.0,,-5463.0,259.7
7507.0,,-5557.0,259.2
7590.0,,-5640.0,260.8
7691.0,,-5741.0,259.6
7781.0,,-5831.0,259.3
7876.0,,-5926.0,258.3
7990.0,,-6040.0,261.3
8050.0,,-6100.0,260.7
8181.0,,-6231.0,261.8
8281.0,,-6331.0,259.0
8387.0,,-6437.0,260.9
8477.0,,-6527.0,260.4
8579.0,,-6629.0,259.3
8653.0,,-6703.0,262.0
8784.0,,-6834.0,263.7
8869.0,,-6919.0,263.8
8973.0,,-7023.0,265.2
9092.0,,-7142.0,260.6
9140.0,,-7190.0,260.9
9232.0,,-7282.0,263.0
9317.0,,-7367.0,263.8
9536.0,,-7586.0,264.4
9597.0,,-7647.0,264.2
9721.0,,-7771.0,264.0
9807.0,,-7857.0,263.4
9909.0,,-7959.0,265.7
9983.0,,-8033.0,264.9
10088.0,,-8138.0,267.5
10209.0,,-8259.0,266.9
10294.0,,-8344.0,266.0
10417.0,,-8467.0,265.1
10527.0,,-8577.0,267.6
10621.0,,-8671.0,264.8
10744.0,,-8794.0,264.8
10805.0,,-8855.0,265.0
10827.0,,-8877.0,265.3
10895.0,,-8945.0,264.4
10933.0,,-8983.0,264.1
11014.0,,-9064.0,264.2
11087.0,,-9137.0,264.5
11136.0,,-9186.0,264.0
11201.0,,-9251.0,263.0
11236.0,,-9286.0,265.2
11278.0,,-9328.0,258.8
11338.0,,-9388.0,260.8
11392.0,,-9442.0,255.4
11436.0,,-9486.0,253.9
11469.0,,-9519.0,253.8
11580.0,,-9630.0,250.7
11635.0,,-9685.0,249.7
11676.0,,-9726.0,251.1
11727.0,,-9777.0,250.7
11819.0,,-9869.0,245.3
11896.0,,-9946.0,245.3
11958.0,,-10008.0,246.6
12050.0,,-10100.0,243.2
12122.0,,-10172.0,240.3
12371.0,,-10421.0,237.5
12496.0,,-10546.0,237.6
12642.0,,-10692.0,234.2
12760.0,,-10810.0,238.3
12942.0,,-10992.0,237.3
13090.0,,-11140.0,237.9
13241.0,,-11291.0,237.6
13440.0,,-11490.0,236.4
13542.0,,-11592.0,239.2
13653.0,,-11703.0,238.6
13804.0,,-11854.0,238.6
13948.0,,-11998.0,239.1
14303.0,,-12353.0,228.5
14550.0,,-12600.0,228.4
14725.0,,-12775.0,226.1
14890.0,,-12940.0,225.2
15012.0,,-13062.0,224.5
15233.0,,-13283.0,222.0
15438.0,,-13488.0,221.0
15570.0,,-13620.0,220.9
15742.0,,-13792.0,219.4
15886.0,,-13936.0,214.0
16073.0,,-14123.0,207.5
16260.0,,-14310.0,207.7
16452.0,,-14502.0,202.9
16659.0,,-14709.0,200.8
16870.0,,-14920.0,195.2
17111.0,,-15161.0,193.9
17375.0,,-15425.0,191.0
17565.0,,-15615.0,188.5
17809.0,,-15859.0,188.5
17943.0,,-15993.0,189.2
18285.0,,-16335.0,187.0
18541.0,,-16591.0,188.6
18828.0,,-16878.0,189.4
18868.0,,-16918.0,192.3
18921.0,,-16971.0,188.3
19347.0,,-17397.0,188.7
19509.0,,-17559.0,188.8
19748.0,,-17798.0,190.0
19988.0,,-18038.0,188.0
20168.0,,-18218.0,188.2
20197.0,,-18247.0,195.0
20502.0,,-18552.0,187.8
20748.0,,-18798.0,186.9
21011.0,,-19061.0,186.5
21257.0,,-19307.0,184.7
21507.0,,-19557.0,186.1
21854.0,,-19904.0,185.7
22015.0,,-20065.0,184.4
22827.0,,-20877.0,189.2
25994.0,,-24044.0,191.6
29063.0,,-27113.0,188.5
30020.0,,-28070.0,191.7
35009.0,,-33059.0,205.3
37471.0,,-35521.0,209.1
43500.0,,-41550.0,209.1
47336.0,,-45386.0,189.3
48854.0,,-46904.0,188.4
49690.0,,-47740.0,210.1
50663.0,,-48713.0,215.7
52382.0,,-50432.0,190.4
57088.0,,-55138.0,221.7
57657.0,,-55707.0,210.4
62859.0,,-60909.0,195.3
64939.0,,-62989.0,191.4
65939.0,,-63989.0,194.9
71049.0,,-69099.0,227.3
73227.0,,-71277.0,229.1
77150.0,,-75200.0,217.1
78183.0,,-76233.0,221.7
80614.0,,-78664.0,230.9
82417.0,,-80467.0,241.1
83333.0,,-81383.0,236.4
84016.0,,-82066.0,228.0
85020.0,,-83070.0,214.2
86181.0,,-84231.0,217.0
87917.0,,-85967.0,208.0
90357.0,,-88407.0,224.2
91249.0,,-89299.0,228.3
94353.0,,-92403.0,232.0
99849.0,,-97899.0,225.8
100837.0,,-98887.0,230.8
101749.0,,-99799.0,236.9
103465.0,,-101515.0,228.1
104704.0,,-102754.0,236.9
105636.0,,-103686.0,230.6
107579.0,,-105629.0,238.2
108153.0,,-106203.0,245.6
109804.0,,-107854.0,251.2
111862.0,,-109912.0,256.7
113262.0,,-111312.0,266.3
114096.0,,-112146.0,261.4
114601.0,,-112651.0,274.5
115118.0,,-113168.0,273.2
116501.0,,-114551.0,262.5
117750.0,,-115800.0,267.6
118649.0,,-116699.0,273.7
119672.0,,-117722.0,271.9
120382.0,,-118432.0,265.2
121017.0,,-119067.0,277.6
122344.0,,-120394.0,272.1
123070.0,,-121120.0,276.4
124213.0,,-122263.0,268.7
124257.0,,-122307.0,266.6
124789.0,,-122839.0,266.3
125081.0,,-123131.0,279.7
125262.0,,-123312.0,273.0
125434.0,,-123484.0,277.1
126347.0,,-124397.0,273.7
126598.0,,-124648.0,267.1
126886.0,,-124936.0,262.5
127132.0,,-125182.0,262.6
127622.0,,-125672.0,275.3
127907.0,,-125957.0,275.6
128344.0,,-126394.0,274.0
128372.0,,-126422.0,287.1
128609.0,,-126659.0,286.8
128866.0,,-126916.0,282.6
129146.0,,-127196.0,264.1
129340.0,,-127390.0,263.4
129652.0,,-127702.0,257.9
129736.0,,-127786.0,259.0
131329.0,,-129379.0,245.0
131455.0,,-129505.0,240.4
131728.0,,-129778.0,228.9
132492.0,,-130542.0,223.5
133069.0,,-131119.0,223.9
133105.0,,-131155.0,220.3
133427.0,,-131477.0,210.6
134123.0,,-132173.0,208.9
134287.0,,-132337.0,203.7
134960.0,,-133010.0,204.5
135114.0,,-133164.0,200.4
135207.0,,-133257.0,198.0
135603.0,,-133653.0,198.0
135883.0,,-133933.0,201.7
136011.0,,-134061.0,200.7
136251.0,,-134301.0,202.4
136567.0,,-134617.0,195.8
136655.0,,-134705.0,201.1
137293.0,,-135343.0,194.3
137633.0,,-135683.0,193.4
137982.0,,-136032.0,194.2
138185.0,,-136235.0,190.2
139275.0,,-137325.0,192.3
139617.0,,-137667.0,196.5
140899.0,,-138949.0,195.6
140960.0,,-139010.0,196.4
142058.0,,-140108.0,190.4
145363.0,,-143413.0,196.9
148831.0,,-146881.0,203.0
149803.0,,-147853.0,191.9
149921.0,,-147971.0,188.9
151423.0,,-149473.0,200.6
154480.0,,-152530.0,189.0
155395.0,,-153445.0,185.5
155813.0,,-153863.0,187.5
159562.0,,-157612.0,204.3
159943.0,,-157993.0,196.5
161679.0,,-159729.0,191.6
162228.0,,-160278.0,190.1
163024.0,,-161074.0,186.7
163698.0,,-161748.0,183.8
164439.0,,-162489.0,196.6
167183.0,,-165233.0,197.8
169492.0,,-167542.0,197.7
171351.0,,-169401.0,196.0
172434.0,,-170484.0,190.3
173135.0,,-171185.0,189.4
173394.0,,-171444.0,190.1
175306.0,,-173356.0,207.7
177139.0,,-175189.0,213.2
178179.0,,-176229.0,217.7
179117.0,,-177167.0,198.1
180068.0,,-178118.0,199.7
182046.0,,-180096.0,203.4
184685.0,,-182735.0,210.7
186697.0,,-184747.0,231.3
188436.0,,-186486.0,231.4
189076.0,,-187126.0,220.3
190352.0,,-188402.0,218.0
192910.0,,-190960.0,226.5
193481.0,,-191531.0,220.0
195017.0,,-193067.0,226.4
195673.0,,-193723.0,241.2
196179.0,,-194229.0,242.6
198972.0,,-197022.0,250.9
199918.0,,-197968.0,239.1
201163.0,,-199213.0,247.6
202413.0,,-200463.0,244.4
202874.0,,-200924.0,231.9
203317.0,,-201367.0,232.2
203837.0,,-201887.0,228.6
204480.0,,-202530.0,226.3
204908.0,,-202958.0,229.4
205362.0,,-203412.0,231.4
205952.0,,-204002.0,238.1
206144.0,,-204194.0,237.2
206810.0,,-204860.0,230.0
207120.0,,-205170.0,240.5
207544.0,,-205594.0,242.2
208064.0,,-206114.0,244.6
208254.0,,-206304.0,243.9
208803.0,,-206853.0,247.2
208995.0,,-207045.0,252.0
209432.0,,-207482.0,246.9
209817.0,,-207867.0,239.5
210154.0,,-208204.0,257.4
210813.0,,-208863.0,243.4
211858.0,,-209908.0,251.2
212716.0,,-210766.0,241.4
213270.0,,-211320.0,240.3
213536.0,,-211586.0,242.6
213984.0,,-212034.0,247.5
214459.0,,-212509.0,251.7
214794.0,,-212844.0,251.1
215382.0,,-213432.0,245.3
216352.0,,-214402.0,240.5
218361.0,,-216411.0,214.1
219116.0,,-217166.0,216.1
220058.0,,-218108.0,207.1
220739.0,,-218789.0,208.8
222030.0,,-220080.0,205.6
224269.0,,-222319.0,203.3
224923.0,,-222973.0,215.7
225909.0,,-223959.0,235.5
226711.0,,-224761.0,234.5
227027.0,,-225077.0,233.1
227776.0,,-225826.0,224.5
229423.0,,-227473.0,232.4
230422.0,,-228472.0,233.9
231066.0,,-229116.0,241.6
234817.0,,-232867.0,245.2
235480.0,,-233530.0,252.1
236114.0,,-234164.0,241.4
236734.0,,-234784.0,247.4
237294.0,,-235344.0,243.1
237868.0,,-235918.0,239.1
238558.0,,-236608.0,245.6
239013.0,,-237063.0,245.8
239477.0,,-237527.0,247.4
239973.0,,-238023.0,252.8
240945.0,,-238995.0,259.7
241366.0,,-239416.0,263.2
242007.0,,-240057.0,279.0
242346.0,,-240396.0,280.2
243071.0,,-241121.0,263.7
243429.0,,-241479.0,252.3
243856.0,,-241906.0,249.9
244347.0,,-242397.0,236.7
244864.0,,-242914.0,230.4
245441.0,,-243491.0,219.4
247681.0,,-245731.0,214.7
250133.0,,-248183.0,200.2
251005.0,,-249055.0,213.9
251864.0,,-249914.0,195.4
252739.0,,-250789.0,196.7
253636.0,,-251686.0,195.4
255498.0,,-253548.0,199.0
256309.0,,-254359.0,201.9
257100.0,,-255150.0,204.0
258661.0,,-256711.0,203.9
260353.0,,-258403.0,209.6
260916.0,,-258966.0,205.7
262092.0,,-260142.0,208.9
262930.0,,-260980.0,214.6
264509.0,,-262559.0,228.1
265653.0,,-263703.0,199.9
266326.0,,-264376.0,211.7
267442.0,,-265492.0,188.7
268181.0,,-266231.0,187.2
269154.0,,-267204.0,194.2
270222.0,,-268272.0,198.8
271256.0,,-269306.0,184.7
272311.0,,-270361.0,190.4
273310.0,,-271360.0,193.9
274321.0,,-272371.0,194.1
275350.0,,-273400.0,198.4
276326.0,,-274376.0,193.2
277361.0,,-275411.0,202.2
278350.0,,-276400.0,204.5
279320.0,,-277370.0,211.0
280269.0,,-278319.0,215.3
281758.0,,-279808.0,223.7
283785.0,,-281835.0,231.3
285380.0,,-283430.0,228.0
286128.0,,-284178.0,226.4
287036.0,,-285086.0,231.4
287538.0,,-285588.0,230.4
288233.0,,-286283.0,231.0
290153.0,,-288203.0,234.9
290730.0,,-288780.0,220.4
291367.0,,-289417.0,217.1
292405.0,,-290455.0,207.6
293057.0,,-291107.0,206.0
293779.0,,-291829.0,206.7
294568.0,,-292618.0,212.7
295930.0,,-293980.0,213.1
297921.0,,-295971.0,217.1
298741.0,,-296791.0,224.4
299621.0,,-297671.0,231.0
300472.0,,-298522.0,236.1
301402.0,,-299452.0,239.0
302280.0,,-300330.0,236.0
303226.0,,-301276.0,240.2
304232.0,,-302282.0,240.7
304901.0,,-302951.0,250.2
305655.0,,-303705.0,248.6
306547.0,,-304597.0,244.8
307495.0,,-305545.0,225.8
308744.0,,-306794.0,227.8
309389.0,,-307439.0,226.2
310168.0,,-308218.0,233.2
311013.0,,-309063.0,237.8
311868.0,,-309918.0,239.0
312676.0,,-310726.0,241.9
313414.0,,-311464.0,251.6
314144.0,,-312194.0,256.7
314867.0,,-312917.0,257.1
315572.0,,-313622.0,246.8
316200.0,,-314250.0,272.6
316897.0,,-314947.0,251.6
317734.0,,-315784.0,245.2
318559.0,,-316609.0,233.4
319480.0,,-317530.0,255.8
320358.0,,-318408.0,249.2
322015.0,,-320065.0,257.2
322767.0,,-320817.0,260.4
323526.0,,-321576.0,260.3
324280.0,,-322330.0,260.5
324971.0,,-323021.0,266.2
325720.0,,-323770.0,264.0
326321.0,,-324371.0,266.1
326972.0,,-325022.0,270.1
327590.0,,-325640.0,271.9
328221.0,,-326271.0,275.1
329475.0,,-327525.0,265.0
330208.0,,-328258.0,271.7
330740.0,,-328790.0,272.6
331438.0,,-329488.0,273.1
331944.0,,-329994.0,282.4
332285.0,,-330335.0,289.1
332462.0,,-330512.0,288.4
332919.0,,-330969.0,298.6
333380.0,,-331430.0,278.1
333890.0,,-331940.0,285.8
334261.0,,-332311.0,278.6
334748.0,,-332798.0,270.5
335287.0,,-333337.0,255.7
335918.0,,-333968.0,241.9
336725.0,,-334775.0,239.6
337391.0,,-335441.0,234.2
339298.0,,-337348.0,250.1
340456.0,,-338506.0,200.7
341802.0,,-339852.0,205.2
343282.0,,-341332.0,204.8
344446.0,,-342496.0,211.9
345980.0,,-344030.0,220.3
348298.0,,-346348.0,221.1
349688.0,,-347738.0,216.2
350925.0,,-348975.0,209.4
352275.0,,-350325.0,209.2
355302.0,,-353352.0,193.0
356898.0,,-354948.0,186.1
358712.0,,-356762.0,185.8
360957.0,,-359007.0,201.2
363385.0,,-361435.0,206.3
366235.0,,-364285.0,201.9
367856.0,,-365906.0,199.9
369446.0,,-367496.0,214.7
371090.0,,-369140.0,224.6
372646.0,,-370696.0,229.6
376568.0,,-374618.0,227.0
378096.0,,-376146.0,240.0
379696.0,,-377746.0,239.1
381132.0,,-379182.0,246.8
382670.0,,-380720.0,245.8
384534.0,,-382584.0,258.1
385398.0,,-383448.0,264.6
386144.0,,-384194.0,259.2
388062.0,,-386112.0,255.2
389946.0,,-387996.0,250.1
391896.0,,-389946.0,266.3
392544.0,,-390594.0,259.5
393579.0,,-391629.0,273.6
394560.0,,-392610.0,260.7
398086.0,,-396136.0,276.3
399722.0,,-397772.0,277.1
400504.0,,-398554.0,283.2
402000.0,,-400050.0,283.1
402731.0,,-400781.0,275.7
404181.0,,-402231.0,276.5
404927.0,,-402977.0,280.5
406368.0,,-404418.0,279.6
407093.0,,-405143.0,285.6
408600.0,,-406650.0,284.5
409383.0,,-407433.0,275.2
409383.0,,-407433.0,274.2
410206.0,,-408256.0,282.6
411071.0,,-409121.0,283.5
412962.0,,-411012.0,274.9
413948.0,,-411998.0,264.9
414963.0,,-413013.0,271.6
415717.0,,-413767.0,276.4
416193.0,,-414243.0,271.7
417191.0,,-415241.0,273.4
417698.0,,-415748.0,271.8
418245.0,,-416295.0,274.6
419260.0,,-417310.0,273.7
419808.0,,-417858.0,271.2
420350.0,,-418400.0,273.8
421484.0,,-419534.0,268.6
422074.0,,-420124.0,266.4
422649.0,,-420699.0,270.6
423764.0,,-421814.0,267.7
424332.0,,-422382.0,268.3
424840.0,,-422890.0,270.8
425242.0,,-423292.0,270.0
425569.0,,-423619.0,265.4
425975.0,,-424025.0,255.3
426598.0,,-424648.0,252.1
427285.0,,-425335.0,248.2
427566.0,,-425616.0,242.5
429006.0,,-427056.0,219.7
429876.0,,-427926.0,227.2
431063.0,,-429113.0,211.5
431445.0,,-429495.0,207.6
432599.0,,-430649.0,209.8
433674.0,,-431724.0,207.5
434804.0,,-432854.0,200.3
435989.0,,-434039.0,201.7
437152.0,,-435202.0,201.3
438356.0,,-436406.0,202.0
439565.0,,-437615.0,199.1
441220.0,,-439270.0,201.1
442411.0,,-440461.0,203.5
443562.0,,-441612.0,208.1
444650.0,,-442700.0,201.7
445829.0,,-443879.0,201.2
446984.0,,-445034.0,204.9
448103.0,,-446153.0,201.9
449244.0,,-447294.0,198.4
450455.0,,-448505.0,193.3
451593.0,,-449643.0,192.5
452283.0,,-450333.0,199.1
452795.0,,-450845.0,204.3
453514.0,,-451564.0,203.3
454023.0,,-452073.0,208.3
455279.0,,-453329.0,202.4
456591.0,,-454641.0,195.5
458049.0,,-456099.0,190.7
459430.0,,-457480.0,194.4
460792.0,,-458842.0,199.9
461687.0,,-459737.0,205.2
462133.0,,-460183.0,210.0
463456.0,,-461506.0,208.1
464866.0,,-462916.0,204.4
466265.0,,-464315.0,203.4
467602.0,,-465652.0,205.5
468323.0,,-466373.0,206.5
468810.0,,-466860.0,215.5
469470.0,,-467520.0,218.7
469941.0,,-467991.0,229.2
470597.0,,-468647.0,232.7
471046.0,,-469096.0,243.7
471763.0,,-469813.0,243.9
472095.0,,-470145.0,245.6
473102.0,,-471152.0,241.2
474162.0,,-472212.0,233.1
475218.0,,-473268.0,232.8
476240.0,,-474290.0,236.6
477162.0,,-475212.0,239.1
477719.0,,-475769.0,236.5
478124.0,,-476174.0,231.3
478721.0,,-476771.0,220.8
479144.0,,-477194.0,218.8
480108.0,,-478158.0,223.8
481035.0,,-479085.0,223.4
481932.0,,-479982.0,227.3
482803.0,,-480853.0,231.4
483649.0,,-481699.0,231.4
484465.0,,-482515.0,231.2
485276.0,,-483326.0,233.0
486043.0,,-484093.0,232.9
486816.0,,-484866.0,231.3
487541.0,,-485591.0,237.1
488268.0,,-486318.0,242.0
488689.0,,-486739.0,240.9
488996.0,,-487046.0,252.8
489475.0,,-487525.0,249.3
489722.0,,-487772.0,242.6
490445.0,,-488495.0,243.3
491191.0,,-489241.0,246.7
491959.0,,-490009.0,243.7
492738.0,,-490788.0,239.7
493507.0,,-491557.0,239.1
494311.0,,-492361.0,238.3
495085.0,,-493135.0,238.5
495853.0,,-493903.0,237.6
496608.0,,-494658.0,236.4
497366.0,,-495416.0,236.5
498104.0,,-496154.0,232.8
498865.0,,-496915.0,230.6
499610.0,,-497660.0,230.8
500363.0,,-498413.0,228.2
501130.0,,-499180.0,230.8
501866.0,,-499916.0,231.2
502625.0,,-500675.0,232.0
503375.0,,-501425.0,232.2
504083.0,,-502133.0,234.1
504777.0,,-502827.0,233.9
505516.0,,-503566.0,235.5
506287.0,,-504337.0,236.0
507011.0,,-505061.0,238.2
507714.0,,-505764.0,237.0
508476.0,,-506526.0,240.3
509247.0,,-507297.0,233.4
510008.0,,-508058.0,236.4
510765.0,,-508815.0,235.2
511515.0,,-509565.0,242.0
512269.0,,-510319.0,238.2
512997.0,,-511047.0,239.2
513724.0,,-511774.0,241.5
514429.0,,-512479.0,243.0
515113.0,,-513163.0,247.2
515771.0,,-513821.0,246.2
516417.0,,-514467.0,245.5
517069.0,,-515119.0,245.3
517706.0,,-515756.0,247.7
518334.0,,-516384.0,245.5
518965.0,,-517015.0,243.5
520892.0,,-518942.0,241.9
521552.0,,-519602.0,236.8
522216.0,,-520266.0,235.8
522923.0,,-520973.0,233.7
523666.0,,-521716.0,230.3
524409.0,,-522459.0,227.8
525164.0,,-523214.0,224.7
525908.0,,-523958.0,222.7
526661.0,,-524711.0,221.2
527454.0,,-525504.0,220.3
528262.0,,-526312.0,220.7
528747.0,,-526797.0,214.5
529101.0,,-527151.0,211.4
529640.0,,-527690.0,204.4
530016.0,,-528066.0,200.0
530685.0,,-528735.0,195.1
531035.0,,-529085.0,193.8
531662.0,,-529712.0,190.5
532119.0,,-530169.0,199.8
533246.0,,-531296.0,199.4
534364.0,,-532414.0,205.0
535483.0,,-533533.0,206.4
536622.0,,-534672.0,212.9
537770.0,,-535820.0,211.2
538959.0,,-537009.0,205.0
540154.0,,-538204.0,203.6
541345.0,,-539395.0,208.1
542502.0,,-540552.0,210.3
543676.0,,-541726.0,209.6
544804.0,,-542854.0,209.7
545956.0,,-544006.0,204.6
547013.0,,-545063.0,202.5
547573.0,,-545623.0,208.8
547972.0,,-546022.0,213.6
548933.0,,-546983.0,215.2
549830.0,,-547880.0,219.9
550637.0,,-548687.0,221.7
551124.0,,-549174.0,222.3
551452.0,,-549502.0,226.3
551979.0,,-550029.0,222.1
552250.0,,-550300.0,220.3
552961.0,,-551011.0,223.6
553626.0,,-551676.0,224.3
554254.0,,-552304.0,226.7
554831.0,,-552881.0,233.9
555345.0,,-553395.0,241.0
555637.0,,-553687.0,243.0
555839.0,,-553889.0,249.1
556143.0,,-554193.0,244.0
556364.0,,-554414.0,250.5
556724.0,,-554774.0,245.6
556889.0,,-554939.0,240.4
557385.0,,-555435.0,238.1
557887.0,,-555937.0,234.5
558183.0,,-556233.0,229.7
558393.0,,-556443.0,230.2
558929.0,,-556979.0,230.3
559461.0,,-557511.0,228.3
559972.0,,-558022.0,231.6
560459.0,,-558509.0,231.9
560930.0,,-558980.0,234.6
561309.0,,-559359.0,234.1
561846.0,,-559896.0,240.1
562272.0,,-560322.0,242.3
562690.0,,-560740.0,245.7
563115.0,,-561165.0,245.8
563517.0,,-561567.0,247.6
563918.0,,-561968.0,251.4
564311.0,,-562361.0,252.4
564699.0,,-562749.0,252.6
565077.0,,-563127.0,251.4
565466.0,,-563516.0,253.7
565851.0,,-563901.0,254.3
566233.0,,-564283.0,253.9
566619.0,,-564669.0,254.5
567007.0,,-565057.0,253.2
567381.0,,-565431.0,253.9
567777.0,,-565827.0,252.8
568167.0,,-566217.0,253.0
568556.0,,-566606.0,250.2
568946.0,,-566996.0,251.3
569331.0,,-567381.0,250.0
569728.0,,-567778.0,251.3
570139.0,,-568189.0,251.8
570548.0,,-568598.0,251.8
570955.0,,-569005.0,249.6
571367.0,,-569417.0,251.6
571775.0,,-569825.0,250.3
572190.0,,-570240.0,246.3
572619.0,,-570669.0,247.7
573037.0,,-571087.0,249.2
573462.0,,-571512.0,248.7
573902.0,,-571952.0,251.8
574353.0,,-572403.0,251.9
574803.0,,-572853.0,252.1
575265.0,,-573315.0,248.9
575730.0,,-573780.0,252.5
576222.0,,-574272.0,252.9
576723.0,,-574773.0,251.3
577242.0,,-575292.0,251.3
577769.0,,-575819.0,251.1
578305.0,,-576355.0,249.1
578857.0,,-576907.0,252.9
579435.0,,-577485.0,251.5
579821.0,,-577871.0,244.1
580019.0,,-578069.0,243.8
580400.0,,-578450.0,236.2
580695.0,,-578745.0,230.3
581160.0,,-579210.0,225.2
581507.0,,-579557.0,219.4
582000.0,,-580050.0,215.4
582391.0,,-580441.0,209.9
583034.0,,-581084.0,206.7
583413.0,,-581463.0,210.6
586406.0,,-584456.0,224.0
586893.0,,-584943.0,226.0
587647.0,,-585697.0,234.4
588034.0,,-586084.0,238.8
588716.0,,-586766.0,246.3
589224.0,,-587274.0,250.2
589868.0,,-587918.0,248.1
590335.0,,-588385.0,243.6
590893.0,,-588943.0,237.4
592279.0,,-590329.0,225.7
592697.0,,-590747.0,229.4
593415.0,,-591465.0,233.2
593870.0,,-591920.0,238.1
594639.0,,-592689.0,238.0
595189.0,,-593239.0,232.9
595950.0,,-594000.0,221.2
596515.0,,-594565.0,216.4
597443.0,,-595493.0,216.3
597966.0,,-596016.0,219.0
598833.0,,-596883.0,226.0
599434.0,,-597484.0,229.4
600882.0,,-598932.0,232.5
602278.0,,-600328.0,237.9
603673.0,,-601723.0,239.1
605076.0,,-603126.0,244.5
606374.0,,-604424.0,248.5
607708.0,,-605758.0,254.6
608929.0,,-606979.0,259.2
610136.0,,-608186.0,257.7
611319.0,,-609369.0,259.6
612514.0,,-610564.0,258.0
613709.0,,-611759.0,256.0
614923.0,,-612973.0,252.5
616227.0,,-614277.0,252.4
617544.0,,-615594.0,252.3
618955.0,,-617005.0,247.9
620338.0,,-618388.0,245.4
621760.0,,-619810.0,243.0
623214.0,,-621264.0,238.6
624690.0,,-622740.0,237.3
625570.0,,-623620.0,234.3
626215.0,,-624265.0,227.8
627211.0,,-625261.0,214.9
627999.0,,-626049.0,205.0
629446.0,,-627496.0,198.7
630295.0,,-628345.0,199.9
632001.0,,-630051.0,199.5
632856.0,,-630906.0,195.6
634592.0,,-632642.0,192.1
635489.0,,-633539.0,193.9
636957.0,,-635007.0,193.0
638127.0,,-636177.0,194.3
639848.0,,-637898.0,187.7
640760.0,,-638810.0,189.1
642405.0,,-640455.0,190.2
643204.0,,-641254.0,190.4
644662.0,,-642712.0,194.1
645470.0,,-643520.0,194.6
646723.0,,-644773.0,188.6
647588.0,,-645638.0,190.5
648946.0,,-646996.0,192.1
649598.0,,-647648.0,194.8
650891.0,,-648941.0,187.8
651556.0,,-649606.0,192.0
652802.0,,-650852.0,185.8
653448.0,,-651498.0,185.3
654473.0,,-652523.0,191.3
655202.0,,-653252.0,193.2
656286.0,,-654336.0,198.4
656882.0,,-654932.0,198.7
657923.0,,-655973.0,191.3
658474.0,,-656524.0,189.2
659524.0,,-657574.0,182.4
660084.0,,-658134.0,183.9
660981.0,,-659031.0,186.6
661650.0,,-659700.0,189.8
662669.0,,-660719.0,187.8
663206.0,,-661256.0,189.0
664192.0,,-662242.0,189.1
664690.0,,-662740.0,185.8
665645.0,,-663695.0,178.2
666174.0,,-664224.0,178.5
666995.0,,-665045.0,172.7
667569.0,,-665619.0,171.6
668447.0,,-666497.0,175.6
668934.0,,-666984.0,178.5
669751.0,,-667801.0,185.5
670176.0,,-668226.0,189.3
670916.0,,-668966.0,192.6
671286.0,,-669336.0,194.6
671926.0,,-669976.0,192.5
672386.0,,-670436.0,194.8
673095.0,,-671145.0,198.7
673475.0,,-671525.0,202.3
674173.0,,-672223.0,209.2
674521.0,,-672571.0,213.7
675589.0,,-673639.0,220.0
676170.0,,-674220.0,217.4
676524.0,,-674574.0,214.0
677068.0,,-675118.0,215.6
677380.0,,-675430.0,217.4
677984.0,,-676034.0,226.5
678291.0,,-676341.0,230.0
678914.0,,-676964.0,230.8
679252.0,,-677302.0,230.3
679732.0,,-677782.0,223.0
680081.0,,-678131.0,225.0
680608.0,,-678658.0,218.4
680920.0,,-678970.0,216.2
681531.0,,-679581.0,217.3
681849.0,,-679899.0,219.7
682446.0,,-680496.0,222.6
682762.0,,-680812.0,221.3
683262.0,,-681312.0,218.7
683612.0,,-681662.0,217.5
684142.0,,-682192.0,217.5
684419.0,,-682469.0,219.4
684949.0,,-682999.0,219.5
685217.0,,-683267.0,219.7
685716.0,,-683766.0,223.5
685980.0,,-684030.0,224.4
686425.0,,-684475.0,224.3
686726.0,,-684776.0,227.3
687227.0,,-685277.0,228.7
687470.0,,-685520.0,228.8
687949.0,,-685999.0,232.3
688195.0,,-686245.0,233.0
688652.0,,-686702.0,235.8
688881.0,,-686931.0,234.9
689304.0,,-687354.0,235.8
689603.0,,-687653.0,239.9
690057.0,,-688107.0,235.6
690294.0,,-688344.0,234.8
690771.0,,-688821.0,240.0
690999.0,,-689049.0,234.0
691432.0,,-689482.0,235.6
691672.0,,-689722.0,236.6
692057.0,,-690107.0,235.5
692338.0,,-690388.0,235.9
692765.0,,-690815.0,232.9
692990.0,,-691040.0,234.8
693433.0,,-691483.0,234.1
693639.0,,-691689.0,234.1
694068.0,,-692118.0,235.4
694300.0,,-692350.0,234.4
694672.0,,-692722.0,235.8
694941.0,,-692991.0,236.9
695383.0,,-693433.0,236.7
695618.0,,-693668.0,237.6
696062.0,,-694112.0,234.6
696287.0,,-694337.0,234.8
696717.0,,-694767.0,235.4
696963.0,,-695013.0,232.9
697331.0,,-695381.0,232.4
697660.0,,-695710.0,232.2
698120.0,,-696170.0,231.0
698386.0,,-696436.0,228.0
698880.0,,-696930.0,226.4
699102.0,,-697152.0,227.7
699633.0,,-697683.0,227.6
699909.0,,-697959.0,226.0
700389.0,,-698439.0,228.7
700744.0,,-698794.0,227.6
701242.0,,-699292.0,228.2
701606.0,,-699656.0,228.8
702158.0,,-700208.0,229.3
702381.0,,-700431.0,230.3
702988.0,,-701038.0,232.4
703384.0,,-701434.0,232.8
703934.0,,-701984.0,231.2
704211.0,,-702261.0,231.2
704973.0,,-703023.0,233.9
705410.0,,-703460.0,228.5
706141.0,,-704191.0,228.6
706409.0,,-704459.0,228.1
709680.0,,-707730.0,219.7
710237.0,,-708287.0,220.2
711104.0,,-709154.0,218.9
711421.0,,-709471.0,218.7
712833.0,,-710883.0,218.5
713843.0,,-711893.0,222.3
714288.0,,-712338.0,221.7
715180.0,,-713230.0,217.7
715750.0,,-713800.0,222.1
716704.0,,-714754.0,208.1
717065.0,,-715115.0,205.0
718064.0,,-716114.0,192.9
718779.0,,-716829.0,184.3
719794.0,,-717844.0,187.8
720337.0,,-718387.0,195.2
721318.0,,-719368.0,206.3
722039.0,,-720089.0,211.3
723133.0,,-721183.0,213.4
723464.0,,-721514.0,213.2
724445.0,,-722495.0,210.3
725059.0,,-723109.0,206.3
725937.0,,-723987.0,206.6
726322.0,,-724372.0,208.1
727192.0,,-725242.0,204.5
727732.0,,-725782.0,205.5
728568.0,,-726618.0,205.1
728921.0,,-726971.0,205.4
730299.0,,-728349.0,204.0
730949.0,,-728999.0,204.1
731329.0,,-729379.0,204.9
732141.0,,-730191.0,203.8
732548.0,,-730598.0,205.9
733261.0,,-731311.0,203.9
733543.0,,-731593.0,204.4
734223.0,,-732273.0,205.3
734604.0,,-732654.0,207.4
735167.0,,-733217.0,201.7
735459.0,,-733509.0,201.3
736079.0,,-734129.0,204.1
736460.0,,-734510.0,209.7
737034.0,,-735084.0,208.1
737266.0,,-735316.0,211.3
737889.0,,-735939.0,210.6
738272.0,,-736322.0,206.5
738844.0,,-736894.0,200.3
739137.0,,-737187.0,197.8
739842.0,,-737892.0,185.0
740277.0,,-738327.0,178.9
741021.0,,-739071.0,178.6
741307.0,,-739357.0,176.6
742075.0,,-740125.0,177.9
742558.0,,-740608.0,182.3
743233.0,,-741283.0,181.7
743589.0,,-741639.0,180.4
744354.0,,-742404.0,181.2
744843.0,,-742893.0,182.0
745836.0,,-743886.0,180.2
746643.0,,-744693.0,183.1
747110.0,,-745160.0,180.8
747759.0,,-745809.0,180.8
748101.0,,-746151.0,180.4
748913.0,,-746963.0,181.4
749401.0,,-747451.0,182.9
750194.0,,-748244.0,184.8
750476.0,,-748526.0,184.0
751301.0,,-749351.0,186.2
751830.0,,-749880.0,190.1
752605.0,,-750655.0,188.0
752978.0,,-751028.0,196.5
753984.0,,-752034.0,191.5
754394.0,,-752444.0,195.8
755241.0,,-753291.0,200.5
755495.0,,-753545.0,201.9
756357.0,,-754407.0,206.0
756871.0,,-754921.0,210.7
757561.0,,-755611.0,215.0
757962.0,,-756012.0,219.2
758259.0,,-756309.0,215.3
758475.0,,-756525.0,217.6
758883.0,,-756933.0,217.9
759306.0,,-757356.0,214.9
760202.0,,-758252.0,208.8
760500.0,,-758550.0,206.9
761453.0,,-759503.0,206.1
762064.0,,-760114.0,212.0
762871.0,,-760921.0,216.0
763319.0,,-761369.0,215.0
763686.0,,-761736.0,225.7
763934.0,,-761984.0,221.4
764249.0,,-762299.0,224.1
764833.0,,-762883.0,222.6
765735.0,,-763785.0,216.8
766110.0,,-764160.0,215.7
767096.0,,-765146.0,213.5
767737.0,,-765787.0,217.7
768655.0,,-766705.0,222.4
769050.0,,-767100.0,221.4
769514.0,,-767564.0,228.1
769787.0,,-767837.0,226.0
770133.0,,-768183.0,231.5
770447.0,,-768497.0,235.6
770724.0,,-768774.0,238.2
770994.0,,-769044.0,235.6
771260.0,,-769310.0,237.7
771708.0,,-769758.0,229.5
772076.0,,-770126.0,230.9
773043.0,,-771093.0,230.0
773680.0,,-771730.0,233.3
774548.0,,-772598.0,236.9
775051.0,,-773101.0,240.5
776037.0,,-774087.0,238.8
776636.0,,-774686.0,243.9
777556.0,,-775606.0,246.3
777900.0,,-775950.0,246.1
778798.0,,-776848.0,245.8
779364.0,,-777414.0,243.9
780268.0,,-778318.0,248.5
780612.0,,-778662.0,242.8
781535.0,,-779585.0,248.7
782059.0,,-780109.0,246.2
783263.0,,-781313.0,252.1
784147.0,,-782197.0,246.9
784692.0,,-782742.0,250.7
785413.0,,-783463.0,253.3
785789.0,,-783839.0,255.4
786587.0,,-784637.0,260.3
787076.0,,-785126.0,256.9
787805.0,,-785855.0,248.1
788033.0,,-786083.0,247.9
788887.0,,-786937.0,229.5
789381.0,,-787431.0,226.3
790153.0,,-788203.0,218.2
790538.0,,-788588.0,221.3
791491.0,,-789541.0,215.4
792081.0,,-790131.0,205.1
792943.0,,-790993.0,204.0
793260.0,,-791310.0,209.0
794608.0,,-792658.0,199.4
795202.0,,-793252.0,195.2
796467.0,,-794517.0,189.3
797099.0,,-795149.0,188.4
798512.0,,-796562.0,191.0
